9BGXH19G07BMN1001;Nenhum registro encontrado
9BGXH19G07BMN1002;Nenhum registro encontrado
9BGXH19G07BMN1003;Nenhum registro encontrado
9BGXH19G07BMN1004;Nenhum registro encontrado
9BGXH19G07BMN1005;Nenhum registro encontrado
9BGXH19G07BMN1006;Nenhum registro encontrado
9BGXH19G07BMN1007;Nenhum registro encontrado
9BGXH19G07BMN1008;Nenhum registro encontrado
9BGXH19G07BMN1009;Nenhum registro encontrado
9BGXH19G07BMN1010;Nenhum registro encontrado
9BGXH19G07BMN1011;Nenhum registro encontrado
9BGXH19G07BMN1012;Nenhum registro encontrado
9BGXH19G07BMN1013;Nenhum registro encontrado
9BGXH19G07BMN1014;Nenhum registro encontrado
9BGXH19G07BMN1015;Nenhum registro encontrado
9BGXH19G07BMN1016;Nenhum registro encontrado
9BGXH19G07BMN1017;Nenhum registro encontrado
9BGXH19G07BMN1018;Nenhum registro encontrado
9BGXH19G07BMN1019;Nenhum registro encontrado
9BGXH19G07BMN1020;Nenhum registro encontrado
9BGXH19G07BMN1021;Nenhum registro encontrado
9BGXH19G07BMN1022;Nenhum registro encontrado
9BGXH19G07BMN1023;Nenhum registro encontrado
9BGXH19G07BMN1024;Nenhum registro encontrado
9BGXH19G07BMN1025;Nenhum registro encontrado
9BGXH19G07BMN1026;Nenhum registro encontrado
9BGXH19G07BMN1027;Nenhum registro encontrado
9BGXH19G07BMN1028;Nenhum registro encontrado
9BGXH19G07BMN1029;Nenhum registro encontrado
9BGXH19G07BMN1030;Nenhum registro encontrado
9BGXH19G07BMN1031;Nenhum registro encontrado
9BGXH19G07BMN1032;Nenhum registro encontrado
9BGXH19G07BMN1033;Nenhum registro encontrado
9BGXH19G07BMN1034;Nenhum registro encontrado
9BGXH19G07BMN1035;Nenhum registro encontrado
9BGXH19G07BMN1036;Nenhum registro encontrado
9BGXH19G07BMN1037;Nenhum registro encontrado
9BGXH19G07BMN1038;Nenhum registro encontrado
9BGXH19G07BMN1039;Nenhum registro encontrado
9BGXH19G07BMN1040;Nenhum registro encontrado
9BGXH19G07BMN1041;Nenhum registro encontrado
9BGXH19G07BMN1042;Nenhum registro encontrado
9BGXH19G07BMN1043;Nenhum registro encontrado
9BGXH19G07BMN1044;Nenhum registro encontrado
9BGXH19G07BMN1045;Nenhum registro encontrado
9BGXH19G07BMN1046;Nenhum registro encontrado
9BGXH19G07BMN1047;Nenhum registro encontrado
9BGXH19G07BMN1048;Nenhum registro encontrado
9BGXH19G07BMN1049;Nenhum registro encontrado
9BGXH19G07BMN1050;Nenhum registro encontrado
9BGXH19G07BMN1051;Nenhum registro encontrado
9BGXH19G07BMN1052;Nenhum registro encontrado
9BGXH19G07BMN1053;Nenhum registro encontrado
9BGXH19G07BMN1054;Nenhum registro encontrado
9BGXH19G07BMN1055;Nenhum registro encontrado
9BGXH19G07BMN1056;Nenhum registro encontrado
9BGXH19G07BMN1057;Nenhum registro encontrado
9BGXH19G07BMN1058;Nenhum registro encontrado
9BGXH19G07BMN1059;Nenhum registro encontrado
9BGXH19G07BMN1060;Nenhum registro encontrado
9BGXH19G07BMN1061;Nenhum registro encontrado
9BGXH19G07BMN1062;Nenhum registro encontrado
9BGXH19G07BMN1063;Nenhum registro encontrado
9BGXH19G07BMN1064;Nenhum registro encontrado
