9BGXH19G07BMN1001;Baixa monitorada
9BGXH19G07BMN1002;Baixa monitorada
9BGXH19G07BMN1003;Baixa monitorada
9BGXH19G07BMN1004;Baixa monitorada
9BGXH19G07BMN1005;Baixa monitorada
9BGXH19G07BMN1006;Baixa monitorada
9BGXH19G07BMN1007;Baixa monitorada
9BGXH19G07BMN1008;Baixa monitorada
9BGXH19G07BMN1009;Baixa monitorada
9BGXH19G07BMN1010;Baixa monitorada
9BGXH19G07BMN1011;Baixa monitorada
9BGXH19G07BMN1012;Baixa monitorada
9BGXH19G07BMN1013;Baixa monitorada
9BGXH19G07BMN1014;Baixa monitorada
9BGXH19G07BMN1015;Baixa monitorada
9BGXH19G07BMN1016;Baixa monitorada
9BGXH19G07BMN1017;Baixa monitorada
9BGXH19G07BMN1018;Baixa monitorada
9BGXH19G07BMN1019;Baixa monitorada
9BGXH19G07BMN1020;Baixa monitorada
9BGXH19G07BMN1021;Baixa monitorada
9BGXH19G07BMN1022;Baixa monitorada
9BGXH19G07BMN1023;Baixa monitorada
9BGXH19G07BMN1024;Baixa monitorada
9BGXH19G07BMN1025;Baixa monitorada
9BGXH19G07BMN1026;Baixa monitorada
9BGXH19G07BMN1027;Baixa monitorada
9BGXH19G07BMN1028;Baixa monitorada
9BGXH19G07BMN1029;Baixa monitorada
9BGXH19G07BMN1030;Baixa monitorada
9BGXH19G07BMN1031;Baixa monitorada
9BGXH19G07BMN1032;Baixa monitorada
9BGXH19G07BMN1033;Baixa monitorada
9BGXH19G07BMN1034;Baixa monitorada
9BGXH19G07BMN1035;Baixa monitorada
9BGXH19G07BMN1036;Baixa monitorada
9BGXH19G07BMN1037;Baixa monitorada
9BGXH19G07BMN1038;Baixa monitorada
9BGXH19G07BMN1039;Baixa monitorada
9BGXH19G07BMN1040;Baixa monitorada
9BGXH19G07BMN1041;Nenhum registro encontrado
9BGXH19G07BMN1042;Baixa monitorada
9BGXH19G07BMN1043;Baixa monitorada
9BGXH19G07BMN1044;Nenhum registro encontrado
9BGXH19G07BMN1045;Baixa monitorada
9BGXH19G07BMN1046;Baixa monitorada
9BGXH19G07BMN1047;Baixa monitorada
9BGXH19G07BMN1048;Baixa monitorada
9BGXH19G07BMN1049;Nenhum registro encontrado
9BGXH19G07BMN1050;Nenhum registro encontrado
9BGXH19G07BMN1051;Baixa monitorada
9BGXH19G07BMN1052;Nenhum registro encontrado
9BGXH19G07BMN1053;Nenhum registro encontrado
9BGXH19G07BMN1054;Nenhum registro encontrado
9BGXH19G07BMN1055;Nenhum registro encontrado
9BGXH19G07BMN1056;Baixa monitorada
9BGXH19G07BMN1057;Baixa monitorada
9BGXH19G07BMN1058;Baixa monitorada
9BGXH19G07BMN1059;ATIVO
9BGXH19G07BMN1060;ATIVO
9BGXH19G07BMN1061;ATIVO
9BGXH19G07BMN1062;ATIVO
9BGXH19G07BMN1063;ATIVO
9BGXH19G07BMN1064;ATIVO
9BGXH19G07BMN1065;ATIVO
9BGXH19G07BMN1066;ATIVO
9BGXH19G07BMN1067;ATIVO
9BGXH19G07BMN1068;ATIVO
9BGXH19G07BMN1069;Nenhum registro encontrado
9BGXH19G07BMN1070;ATIVO
9BGXH19G07BMN1071;Nenhum registro encontrado
9BGXH19G07BMN1072;Nenhum registro encontrado
9BGXH19G07BMN1073;Nenhum registro encontrado
9BGXH19G07BMN1074;ATIVO
9BGXH19G07BMN1075;ATIVO
9BGXH19G07BMN1076;ATIVO
9BGXH19G07BMN1077;ATIVO
9BGXH19G07BMN1078;ATIVO
9BGXH19G07BMN1079;Nenhum registro encontrado
9BGXH19G07BMN1080;Baixado
9BGXH19G07BMN1081;ATIVO
9BGXH19G07BMN1082;ATIVO
9BGXH19G07BMN1083;ATIVO
9BGXH19G07BMN1084;ATIVO
9BGXH19G07BMN1085;Nenhum registro encontrado
9BGXH19G07BMN1086;Nenhum registro encontrado
9BGXH19G07BMN1087;ATIVO
9BGXH19G07BMN1088;ATIVO
9BGXH19G07BMN1089;ATIVO
9BGXH19G07BMN1090;ATIVO
9BGXH19G07BMN1091;Baixa monitorada
9BGXH19G07BMN1092;Baixa monitorada
9BGXH19G07BMN1093;Baixa monitorada
9BGXH19G07BMN1094;Baixa monitorada
9BGXH19G07BMN1095;Baixa monitorada
9BGXH19G07BMN1096;Baixa monitorada
9BGXH19G07BMN1097;Baixa monitorada
9BGXH19G07BMN1098;Nenhum registro encontrado
9BGXH19G07BMN1099;Baixa monitorada
9BGXH19G07BMN1100;Nenhum registro encontrado
9BGXH19G07BMN1101;Baixa monitorada
9BGXH19G07BMN1102;Baixa monitorada
9BGXH19G07BMN1103;Baixa monitorada
9BGXH19G07BMN1104;Baixa monitorada
9BGXH19G07BMN1105;Baixa monitorada
9BGXH19G07BMN1106;Baixa monitorada
9BGXH19G07BMN1107;Baixa monitorada
9BGXH19G07BMN1108;Baixa monitorada
9BGXH19G07BMN1109;Baixa monitorada
9BGXH19G07BMN1110;Baixa monitorada
9BGXH19G07BMN1111;Baixa monitorada
9BGXH19G07BMN1112;Baixa monitorada
9BGXH19G07BMN1113;Baixa monitorada
9BGXH19G07BMN1114;Baixa monitorada
9BGXH19G07BMN1115;Baixa monitorada
9BGXH19G07BMN1116;Baixa monitorada
9BGXH19G07BMN1117;Baixa monitorada
9BGXH19G07BMN1118;Baixa monitorada
9BGXH19G07BMN1119;Baixa monitorada
9BGXH19G07BMN1120;Baixa monitorada
9BGXH19G07BMN1121;Baixa monitorada
9BGXH19G07BMN1122;Baixa monitorada
9BGXH19G07BMN1123;Baixa monitorada
9BGXH19G07BMN1124;Baixa monitorada
9BGXH19G07BMN1125;Baixa monitorada
9BGXH19G07BMN1126;Baixa monitorada
9BGXH19G07BMN1127;Baixa monitorada
9BGXH19G07BMN1128;Baixa monitorada
9BGXH19G07BMN1129;Baixa monitorada
9BGXH19G07BMN1130;Baixa monitorada
9BGXH19G07BMN1131;Baixa monitorada
9BGXH19G07BMN1132;Baixa monitorada
9BGXH19G07BMN1133;Baixa monitorada
9BGXH19G07BMN1134;Baixa monitorada
9BGXH19G07BMN1135;Baixa monitorada
9BGXH19G07BMN1136;Baixa monitorada
9BGXH19G07BMN1137;Baixa monitorada
9BGXH19G07BMN1138;Baixa monitorada
9BGXH19G07BMN1139;Baixa monitorada
9BGXH19G07BMN1140;Baixa monitorada
9BGXH19G07BMN1141;Baixa monitorada
9BGXH19G07BMN1142;Baixa monitorada
9BGXH19G07BMN1143;Baixa monitorada
9BGXH19G07BMN1144;Baixa monitorada
9BGXH19G07BMN1145;Baixa monitorada
9BGXH19G07BMN1146;Baixa monitorada
9BGXH19G07BMN1147;Baixa monitorada
9BGXH19G07BMN1148;Baixa monitorada
9BGXH19G07BMN1149;Baixa monitorada
9BGXH19G07BMN1150;Baixa monitorada
9BGXH19G07BMN1151;Baixa monitorada
9BGXH19G07BMN1152;Baixa monitorada
9BGXH19G07BMN1153;Baixa monitorada
9BGXH19G07BMN1154;Baixa monitorada
9BGXH19G07BMN1155;Baixa monitorada
9BGXH19G07BMN1156;Baixa monitorada
9BGXH19G07BMN1157;Baixa monitorada
9BGXH19G07BMN1158;Baixa monitorada
9BGXH19G07BMN1159;Baixa monitorada
9BGXH19G07BMN1160;Baixa monitorada
9BGXH19G07BMN1161;Baixa monitorada
9BGXH19G07BMN1162;Baixa monitorada
9BGXH19G07BMN1163;Baixa monitorada
9BGXH19G07BMN1164;Baixa monitorada
9BGXH19G07BMN1165;Baixa monitorada
9BGXH19G07BMN1166;Baixa monitorada
9BGXH19G07BMN1167;Baixa monitorada
9BGXH19G07BMN1168;Baixa monitorada
9BGXH19G07BMN1169;Baixa monitorada
9BGXH19G07BMN1170;Baixa monitorada
9BGXH19G07BMN1171;Baixa monitorada
9BGXH19G07BMN1172;Baixa monitorada
9BGXH19G07BMN1173;Baixa monitorada
9BGXH19G07BMN1174;Baixa monitorada
9BGXH19G07BMN1175;Baixa monitorada
9BGXH19G07BMN1176;Baixa monitorada
9BGXH19G07BMN1177;Baixa monitorada
9BGXH19G07BMN1178;Baixa monitorada
9BGXH19G07BMN1179;Baixa monitorada
9BGXH19G07BMN1180;Baixa monitorada
9BGXH19G07BMN1181;Baixa monitorada
9BGXH19G07BMN1182;Baixa monitorada
9BGXH19G07BMN1183;Baixa monitorada
9BGXH19G07BMN1184;Baixa monitorada
9BGXH19G07BMN1185;Baixa monitorada
9BGXH19G07BMN1186;Baixa monitorada
9BGXH19G07BMN1187;Baixa monitorada
9BGXH19G07BMN1188;Baixa monitorada
9BGXH19G07BMN1189;Baixa monitorada
9BGXH19G07BMN1190;Baixa monitorada
9BGXH19G07BMN1191;Baixa monitorada
9BGXH19G07BMN1192;Baixa monitorada
9BGXH19G07BMN1193;Baixa monitorada
9BGXH19G07BMN1194;Baixa monitorada
9BGXH19G07BMN1195;Baixa monitorada
9BGXH19G07BMN1196;Baixa monitorada
9BGXH19G07BMN1197;Baixa monitorada
9BGXH19G07BMN1198;Baixa monitorada
9BGXH19G07BMN1199;Baixa monitorada
9BGXH19G07BMN1200;Baixa monitorada
9BGXH19G07BMN1201;Baixa monitorada
9BGXH19G07BMN1202;Baixa monitorada
9BGXH19G07BMN1203;Baixa monitorada
9BGXH19G07BMN1204;Baixa monitorada
9BGXH19G07BMN1205;Baixa monitorada
9BGXH19G07BMN1206;Baixa monitorada
9BGXH19G07BMN1207;Baixa monitorada
9BGXH19G07BMN1208;Baixa monitorada
9BGXH19G07BMN1209;Baixa monitorada
9BGXH19G07BMN1210;Baixa monitorada
9BGXH19G07BMN1211;Baixa monitorada
9BGXH19G07BMN1212;Baixa monitorada
9BGXH19G07BMN1213;Baixa monitorada
9BGXH19G07BMN1214;Baixa monitorada
9BGXH19G07BMN1215;Baixa monitorada
9BGXH19G07BMN1216;Baixa monitorada
9BGXH19G07BMN1217;Baixa monitorada
9BGXH19G07BMN1218;Baixa monitorada
9BGXH19G07BMN1219;Baixa monitorada
9BGXH19G07BMN1220;Baixa monitorada
9BGXH19G07BMN1221;Baixa monitorada
9BGXH19G07BMN1222;Baixa monitorada
9BGXH19G07BMN1223;Baixa monitorada
9BGXH19G07BMN1224;Baixa monitorada
9BGXH19G07BMN1225;Baixa monitorada
9BGXH19G07BMN1226;Baixa monitorada
9BGXH19G07BMN1227;Baixa monitorada
9BGXH19G07BMN1228;Baixa monitorada
9BGXH19G07BMN1229;Baixa monitorada
9BGXH19G07BMN1230;Baixa monitorada
9BGXH19G07BMN1231;Baixa monitorada
9BGXH19G07BMN1232;Baixa monitorada
9BGXH19G07BMN1233;Baixa monitorada
9BGXH19G07BMN1234;Baixa monitorada
9BGXH19G07BMN1235;Baixa monitorada
9BGXH19G07BMN1236;Baixa monitorada
9BGXH19G07BMN1237;Baixa monitorada
9BGXH19G07BMN1238;Baixa monitorada
9BGXH19G07BMN1239;Baixa monitorada
9BGXH19G07BMN1240;Baixa monitorada
9BGXH19G07BMN1241;Baixa monitorada
9BGXH19G07BMN1242;Baixa monitorada
9BGXH19G07BMN1243;Baixa monitorada
9BGXH19G07BMN1244;Baixa monitorada
9BGXH19G07BMN1245;Baixa monitorada
9BGXH19G07BMN1246;Baixa monitorada
9BGXH19G07BMN1247;Baixa monitorada
9BGXH19G07BMN1248;Baixa monitorada
9BGXH19G07BMN1249;Baixa monitorada
9BGXH19G07BMN1250;Baixa monitorada
9BGXH19G07BMN1251;Baixa monitorada
9BGXH19G07BMN1252;Baixa monitorada
9BGXH19G07BMN1253;Baixa monitorada
9BGXH19G07BMN1254;Baixa monitorada
9BGXH19G07BMN1255;Baixa monitorada
9BGXH19G07BMN1256;Baixa monitorada
9BGXH19G07BMN1257;Baixa monitorada
9BGXH19G07BMN1258;Baixa monitorada
9BGXH19G07BMN1259;Baixa monitorada
9BGXH19G07BMN1260;Baixa monitorada
9BGXH19G07BMN1261;Baixa monitorada
9BGXH19G07BMN1262;Baixa monitorada
9BGXH19G07BMN1263;Baixa monitorada
9BGXH19G07BMN1264;Baixa monitorada
9BGXH19G07BMN1265;Baixa monitorada
9BGXH19G07BMN1266;Baixa monitorada
9BGXH19G07BMN1267;Baixa monitorada
9BGXH19G07BMN1268;Baixa monitorada
9BGXH19G07BMN1269;Baixa monitorada
9BGXH19G07BMN1270;Baixa monitorada
9BGXH19G07BMN1271;Baixa monitorada
9BGXH19G07BMN1272;Baixa monitorada
9BGXH19G07BMN1273;Baixa monitorada
9BGXH19G07BMN1274;Baixa monitorada
9BGXH19G07BMN1275;Baixa monitorada
9BGXH19G07BMN1276;Baixa monitorada
9BGXH19G07BMN1277;Baixa monitorada
9BGXH19G07BMN1278;Baixa monitorada
9BGXH19G07BMN1279;Baixa monitorada
9BGXH19G07BMN1280;Baixa monitorada
9BGXH19G07BMN1281;Baixa monitorada
9BGXH19G07BMN1282;Baixa monitorada
9BGXH19G07BMN1283;Baixa monitorada
9BGXH19G07BMN1284;Baixa monitorada
9BGXH19G07BMN1285;Baixa monitorada
9BGXH19G07BMN1286;Baixa monitorada
9BGXH19G07BMN1287;Baixa monitorada
9BGXH19G07BMN1288;Baixa monitorada
9BGXH19G07BMN1289;Baixa monitorada
9BGXH19G07BMN1290;Baixa monitorada
9BGXH19G07BMN1291;Baixa monitorada
9BGXH19G07BMN1292;Baixa monitorada
9BGXH19G07BMN1293;Baixa monitorada
9BGXH19G07BMN1294;Baixa monitorada
9BGXH19G07BMN1295;Baixa monitorada
9BGXH19G07BMN1296;Baixa monitorada
9BGXH19G07BMN1297;Baixa monitorada
9BGXH19G07BMN1298;Baixa monitorada
9BGXH19G07BMN1299;Baixa monitorada
9BGXH19G07BMN1300;Baixa monitorada
9BGXH19G07BMN1301;Baixa monitorada
9BGXH19G07BMN1302;Baixa monitorada
9BGXH19G07BMN1303;Baixa monitorada
9BGXH19G07BMN1304;Baixa monitorada
9BGXH19G07BMN1305;Baixa monitorada
9BGXH19G07BMN1306;Baixa monitorada
9BGXH19G07BMN1307;Baixa monitorada
9BGXH19G07BMN1308;Baixa monitorada
9BGXH19G07BMN1309;Baixa monitorada
9BGXH19G07BMN1310;Baixa monitorada
9BGXH19G07BMN1311;Baixa monitorada
9BGXH19G07BMN1312;Baixa monitorada
9BGXH19G07BMN1313;Baixa monitorada
9BGXH19G07BMN1314;Baixa monitorada
9BGXH19G07BMN1315;Baixa monitorada
9BGXH19G07BMN1316;Baixa monitorada
9BGXH19G07BMN1317;Baixa monitorada
9BGXH19G07BMN1318;ATIVO
9BGXH19G07BMN1319;ATIVO
9BGXH19G07BMN1320;ATIVO
9BGXH19G07BMN1321;ATIVO
9BGXH19G07BMN1322;ATIVO
9BGXH19G07BMN1323;ATIVO
9BGXH19G07BMN1324;ATIVO
9BGXH19G07BMN1325;ATIVO
9BGXH19G07BMN1326;ATIVO
9BGXH19G07BMN1327;ATIVO
9BGXH19G07BMN1328;ATIVO
9BGXH19G07BMN1329;ATIVO
9BGXH19G07BMN1330;ATIVO
9BGXH19G07BMN1331;ATIVO
9BGXH19G07BMN1332;ATIVO
9BGXH19G07BMN1333;ATIVO
9BGXH19G07BMN1334;ATIVO
9BGXH19G07BMN1335;ATIVO
9BGXH19G07BMN1336;ATIVO
9BGXH19G07BMN1337;ATIVO
9BGXH19G07BMN1338;ATIVO
9BGXH19G07BMN1339;ATIVO
9BGXH19G07BMN1340;ATIVO
9BGXH19G07BMN1341;ATIVO
9BGXH19G07BMN1342;ATIVO
9BGXH19G07BMN1343;Baixa monitorada
9BGXH19G07BMN1344;Baixa monitorada
9BGXH19G07BMN1345;Baixa monitorada
9BGXH19G07BMN1346;Baixa monitorada
9BGXH19G07BMN1347;Baixa monitorada
9BGXH19G07BMN1348;Baixa monitorada
9BGXH19G07BMN1349;Baixa monitorada
9BGXH19G07BMN1350;Baixa monitorada
9BGXH19G07BMN1351;Baixa monitorada
9BGXH19G07BMN1352;Baixa monitorada
9BGXH19G07BMN1353;Baixa monitorada
9BGXH19G07BMN1354;Baixa monitorada
9BGXH19G07BMN1355;Baixa monitorada
9BGXH19G07BMN1356;Baixa monitorada
9BGXH19G07BMN1357;Baixa monitorada
9BGXH19G07BMN1358;Baixa monitorada
9BGXH19G07BMN1359;Baixa monitorada
9BGXH19G07BMN1360;Baixa monitorada
9BGXH19G07BMN1361;Baixa monitorada
9BGXH19G07BMN1362;Baixa monitorada
9BGXH19G07BMN1363;Baixa monitorada
9BGXH19G07BMN1364;Baixa monitorada
9BGXH19G07BMN1365;Baixa monitorada
9BGXH19G07BMN1366;Baixa monitorada
9BGXH19G07BMN1367;Baixa monitorada
9BGXH19G07BMN1368;Baixa monitorada
9BGXH19G07BMN1369;Baixa monitorada
9BGXH19G07BMN1370;Baixa monitorada
9BGXH19G07BMN1371;Baixa monitorada
9BGXH19G07BMN1372;Baixa monitorada
9BGXH19G07BMN1373;Baixa monitorada
9BGXH19G07BMN1374;Baixa monitorada
9BGXH19G07BMN1375;Baixa monitorada
9BGXH19G07BMN1376;Baixa monitorada
9BGXH19G07BMN1377;Baixa monitorada
9BGXH19G07BMN1378;Baixa monitorada
9BGXH19G07BMN1379;Baixa monitorada
9BGXH19G07BMN1380;Baixa monitorada
9BGXH19G07BMN1381;Baixa monitorada
9BGXH19G07BMN1382;Baixa monitorada
9BGXH19G07BMN1383;Baixa monitorada
9BGXH19G07BMN1384;Baixa monitorada
9BGXH19G07BMN1385;Baixa monitorada
9BGXH19G07BMN1386;Baixa monitorada
9BGXH19G07BMN1387;Baixa monitorada
9BGXH19G07BMN1388;Baixa monitorada
9BGXH19G07BMN1389;Baixa monitorada
9BGXH19G07BMN1390;Baixa monitorada
9BGXH19G07BMN1391;Baixa monitorada
9BGXH19G07BMN1392;Baixa monitorada
9BGXH19G07BMN1393;Baixa monitorada
9BGXH19G07BMN1394;Baixa monitorada
9BGXH19G07BMN1395;Baixa monitorada
9BGXH19G07BMN1396;Baixa monitorada
9BGXH19G07BMN1397;Baixa monitorada
9BGXH19G07BMN1398;Baixa monitorada
9BGXH19G07BMN1399;Baixa monitorada
9BGXH19G07BMN1400;Baixa monitorada
9BGXH19G07BMN1401;Baixa monitorada
9BGXH19G07BMN1402;Baixa monitorada
9BGXH19G07BMN1403;Baixa monitorada
9BGXH19G07BMN1404;Baixa monitorada
9BGXH19G07BMN1405;Baixa monitorada
9BGXH19G07BMN1406;Baixa monitorada
9BGXH19G07BMN1407;Baixa monitorada
9BGXH19G07BMN1408;Baixa monitorada
9BGXH19G07BMN1409;Baixa monitorada
9BGXH19G07BMN1410;Baixa monitorada
9BGXH19G07BMN1411;Baixa monitorada
9BGXH19G07BMN1412;Baixa monitorada
9BGXH19G07BMN1413;Baixa monitorada
9BGXH19G07BMN1414;Baixa monitorada
9BGXH19G07BMN1415;Baixa monitorada
9BGXH19G07BMN1416;Baixa monitorada
9BGXH19G07BMN1417;Baixa monitorada
9BGXH19G07BMN1418;Baixa monitorada
9BGXH19G07BMN1419;Baixa monitorada
9BGXH19G07BMN1420;Baixa monitorada
9BGXH19G07BMN1421;Baixa monitorada
9BGXH19G07BMN1422;Baixa monitorada
9BGXH19G07BMN1423;Baixa monitorada
9BGXH19G07BMN1424;Baixa monitorada
9BGXH19G07BMN1425;Baixa monitorada
9BGXH19G07BMN1426;Baixa monitorada
9BGXH19G07BMN1427;Baixa monitorada
9BGXH19G07BMN1428;Baixa monitorada
9BGXH19G07BMN1429;Baixa monitorada
9BGXH19G07BMN1430;Baixa monitorada
9BGXH19G07BMN1431;Baixa monitorada
9BGXH19G07BMN1432;Baixa monitorada
9BGXH19G07BMN1433;Baixa monitorada
9BGXH19G07BMN1434;Baixa monitorada
9BGXH19G07BMN1435;Baixa monitorada
9BGXH19G07BMN1436;Baixa monitorada
9BGXH19G07BMN1437;Baixa monitorada
9BGXH19G07BMN1438;Baixa monitorada
9BGXH19G07BMN1439;Baixa monitorada
9BGXH19G07BMN1440;Baixa monitorada
9BGXH19G07BMN1441;Baixa monitorada
9BGXH19G07BMN1442;Baixa monitorada
9BGXH19G07BMN1443;Baixa monitorada
9BGXH19G07BMN1444;Baixa monitorada
9BGXH19G07BMN1445;Baixa monitorada
9BGXH19G07BMN1446;Baixa monitorada
9BGXH19G07BMN1447;Baixa monitorada
9BGXH19G07BMN1448;Baixa monitorada
9BGXH19G07BMN1449;Baixa monitorada
9BGXH19G07BMN1450;Baixa monitorada
9BGXH19G07BMN1451;Baixa monitorada
9BGXH19G07BMN1452;Baixa monitorada
9BGXH19G07BMN1453;Baixa monitorada
9BGXH19G07BMN1454;Baixa monitorada
9BGXH19G07BMN1455;Baixa monitorada
9BGXH19G07BMN1456;Baixa monitorada
9BGXH19G07BMN1457;Baixa monitorada
9BGXH19G07BMN1458;Baixa monitorada
9BGXH19G07BMN1459;Baixa monitorada
9BGXH19G07BMN1460;Baixa monitorada
9BGXH19G07BMN1461;Baixa monitorada
9BGXH19G07BMN1462;Baixa monitorada
9BGXH19G07BMN1463;Baixa monitorada
9BGXH19G07BMN1464;Baixa monitorada
9BGXH19G07BMN1465;Baixa monitorada
9BGXH19G07BMN1466;Baixa monitorada
9BGXH19G07BMN1467;Baixa monitorada
9BGXH19G07BMN1468;Baixa monitorada
9BGXH19G07BMN1469;Baixa monitorada
9BGXH19G07BMN1470;Baixa monitorada
9BGXH19G07BMN1471;Baixa monitorada
9BGXH19G07BMN1472;Baixa monitorada
9BGXH19G07BMN1473;Baixa monitorada
9BGXH19G07BMN1474;Baixa monitorada
9BGXH19G07BMN1475;Baixa monitorada
9BGXH19G07BMN1476;Baixa monitorada
9BGXH19G07BMN1477;Baixa monitorada
9BGXH19G07BMN1478;Baixa monitorada
9BGXH19G07BMN1479;Baixa monitorada
9BGXH19G07BMN1480;Baixa monitorada
9BGXH19G07BMN1481;Baixa monitorada
9BGXH19G07BMN1482;Baixa monitorada
9BGXH19G07BMN1483;Baixa monitorada
9BGXH19G07BMN1484;Baixa monitorada
9BGXH19G07BMN1485;Baixa monitorada
9BGXH19G07BMN1486;Baixa monitorada
9BGXH19G07BMN1487;Baixa monitorada
9BGXH19G07BMN1488;Baixa monitorada
9BGXH19G07BMN1489;Baixa monitorada
9BGXH19G07BMN1490;Baixa monitorada
9BGXH19G07BMN1491;Baixa monitorada
9BGXH19G07BMN1492;Baixa monitorada
9BGXH19G07BMN1493;Baixa monitorada
9BGXH19G07BMN1494;Baixa monitorada
9BGXH19G07BMN1495;Baixa monitorada
9BGXH19G07BMN1496;Baixa monitorada
9BGXH19G07BMN1497;Baixa monitorada
9BGXH19G07BMN1498;Baixa monitorada
9BGXH19G07BMN1499;Baixa monitorada
9BGXH19G07BMN1500;Baixa monitorada
9BGXH19G07BMN1501;Baixa monitorada
9BGXH19G07BMN1502;Baixa monitorada
9BGXH19G07BMN1503;Baixa monitorada
9BGXH19G07BMN1504;Baixa monitorada
9BGXH19G07BMN1505;Baixa monitorada
9BGXH19G07BMN1506;Baixa monitorada
9BGXH19G07BMN1507;Baixa monitorada
9BGXH19G07BMN1508;Baixa monitorada
9BGXH19G07BMN1509;Baixa monitorada
9BGXH19G07BMN1510;Baixa monitorada
9BGXH19G07BMN1511;Baixa monitorada
9BGXH19G07BMN1512;Baixa monitorada
9BGXH19G07BMN1513;Baixa monitorada
9BGXH19G07BMN1514;Baixa monitorada
9BGXH19G07BMN1515;Baixa monitorada
9BGXH19G07BMN1516;Baixa monitorada
9BGXH19G07BMN1517;Baixa monitorada
9BGXH19G07BMN1518;Baixa monitorada
9BGXH19G07BMN1519;Baixa monitorada
9BGXH19G07BMN1520;Baixa monitorada
9BGXH19G07BMN1521;Baixa monitorada
9BGXH19G07BMN1522;Baixa monitorada
9BGXH19G07BMN1523;Baixa monitorada
9BGXH19G07BMN1524;Baixa monitorada
9BGXH19G07BMN1525;Baixa monitorada
9BGXH19G07BMN1526;Baixa monitorada
9BGXH19G07BMN1527;Baixa monitorada
9BGXH19G07BMN1528;Baixa monitorada
9BGXH19G07BMN1529;Baixa monitorada
9BGXH19G07BMN1530;Baixa monitorada
9BGXH19G07BMN1531;Baixa monitorada
9BGXH19G07BMN1532;Baixa monitorada
9BGXH19G07BMN1533;Baixa monitorada
9BGXH19G07BMN1534;Baixa monitorada
9BGXH19G07BMN1535;Baixa monitorada
9BGXH19G07BMN1536;Baixa monitorada
9BGXH19G07BMN1537;Baixa monitorada
9BGXH19G07BMN1538;Baixa monitorada
9BGXH19G07BMN1539;Baixa monitorada
9BGXH19G07BMN1540;Baixa monitorada
9BGXH19G07BMN1541;Baixa monitorada
9BGXH19G07BMN1542;Baixa monitorada
9BGXH19G07BMN1543;Baixa monitorada
9BGXH19G07BMN1544;Baixa monitorada
9BGXH19G07BMN1545;Baixa monitorada
9BGXH19G07BMN1546;Baixa monitorada
9BGXH19G07BMN1547;Baixa monitorada
9BGXH19G07BMN1548;Baixa monitorada
9BGXH19G07BMN1549;Baixa monitorada
9BGXH19G07BMN1550;Baixa monitorada
9BGXH19G07BMN1551;Baixa monitorada
9BGXH19G07BMN1552;Baixa monitorada
9BGXH19G07BMN1553;Baixa monitorada
9BGXH19G07BMN1554;Baixa monitorada
9BGXH19G07BMN1555;Baixa monitorada
9BGXH19G07BMN1556;Baixa monitorada
9BGXH19G07BMN1557;Baixa monitorada
9BGXH19G07BMN1558;Baixa monitorada
9BGXH19G07BMN1559;Baixa monitorada
9BGXH19G07BMN1560;Baixa monitorada
9BGXH19G07BMN1561;Baixa monitorada
9BGXH19G07BMN1562;Baixa monitorada
9BGXH19G07BMN1563;Baixa monitorada
9BGXH19G07BMN1564;Baixa monitorada
9BGXH19G07BMN1565;Baixa monitorada
9BGXH19G07BMN1566;Baixa monitorada
9BGXH19G07BMN1567;Baixa monitorada
9BGXH19G07BMN1568;ATIVO
9BGXH19G07BMN1569;ATIVO
9BGXH19G07BMN1570;ATIVO
9BGXH19G07BMN1571;ATIVO
9BGXH19G07BMN1572;ATIVO
9BGXH19G07BMN1573;ATIVO
9BGXH19G07BMN1574;ATIVO
9BGXH19G07BMN1575;ATIVO
9BGXH19G07BMN1576;ATIVO
9BGXH19G07BMN1577;ATIVO
9BGXH19G07BMN1578;ATIVO
9BGXH19G07BMN1579;ATIVO
9BGXH19G07BMN1580;ATIVO
9BGXH19G07BMN1581;ATIVO
9BGXH19G07BMN1582;ATIVO
9BGXH19G07BMN1583;ATIVO
9BGXH19G07BMN1584;ATIVO
9BGXH19G07BMN1585;ATIVO
9BGXH19G07BMN1586;ATIVO
9BGXH19G07BMN1587;ATIVO
9BGXH19G07BMN1588;ATIVO
9BGXH19G07BMN1589;Nenhum registro encontrado
9BGXH19G07BMN1590;ATIVO
9BGXH19G07BMN1591;ATIVO
9BGXH19G07BMN1592;ATIVO
9BGXH19G07BMN1593;ATIVO
9BGXH19G07BMN1594;ATIVO
9BGXH19G07BMN1595;ATIVO
9BGXH19G07BMN1596;ATIVO
9BGXH19G07BMN1597;ATIVO
9BGXH19G07BMN1598;ATIVO
9BGXH19G07BMN1599;ATIVO
9BGXH19G07BMN1600;ATIVO
9BGXH19G07BMN1601;ATIVO
9BGXH19G07BMN1602;ATIVO
9BGXH19G07BMN1603;ATIVO
9BGXH19G07BMN1604;ATIVO
9BGXH19G07BMN1605;ATIVO
9BGXH19G07BMN1606;ATIVO
9BGXH19G07BMN1607;ATIVO
9BGXH19G07BMN1608;ATIVO
9BGXH19G07BMN1609;ATIVO
9BGXH19G07BMN1610;ATIVO
9BGXH19G07BMN1611;ATIVO
9BGXH19G07BMN1612;ATIVO
9BGXH19G07BMN1613;ATIVO
9BGXH19G07BMN1614;ATIVO
9BGXH19G07BMN1615;ATIVO
9BGXH19G07BMN1616;ATIVO
9BGXH19G07BMN1617;ATIVO
9BGXH19G07BMN1618;ATIVO
9BGXH19G07BMN1619;ATIVO
9BGXH19G07BMN1620;ATIVO
9BGXH19G07BMN1621;ATIVO
9BGXH19G07BMN1622;ATIVO
9BGXH19G07BMN1623;ATIVO
9BGXH19G07BMN1624;ATIVO
9BGXH19G07BMN1625;ATIVO
9BGXH19G07BMN1626;ATIVO
9BGXH19G07BMN1627;ATIVO
9BGXH19G07BMN1628;ATIVO
9BGXH19G07BMN1629;ATIVO
9BGXH19G07BMN1630;ATIVO
9BGXH19G07BMN1631;ATIVO
9BGXH19G07BMN1632;ATIVO
9BGXH19G07BMN1633;ATIVO
9BGXH19G07BMN1634;ATIVO
9BGXH19G07BMN1635;ATIVO
9BGXH19G07BMN1636;ATIVO
9BGXH19G07BMN1637;ATIVO
9BGXH19G07BMN1638;ATIVO
9BGXH19G07BMN1639;ATIVO
9BGXH19G07BMN1640;ATIVO
9BGXH19G07BMN1641;ATIVO
9BGXH19G07BMN1642;ATIVO
9BGXH19G07BMN1643;ATIVO
9BGXH19G07BMN1644;Baixa monitorada
9BGXH19G07BMN1645;Baixa monitorada
9BGXH19G07BMN1646;Baixa monitorada
9BGXH19G07BMN1647;Baixa monitorada
9BGXH19G07BMN1648;Baixa monitorada
9BGXH19G07BMN1649;Baixa monitorada
9BGXH19G07BMN1650;Baixa monitorada
9BGXH19G07BMN1651;Baixa monitorada
9BGXH19G07BMN1652;Baixa monitorada
9BGXH19G07BMN1653;Baixa monitorada
9BGXH19G07BMN1654;Baixa monitorada
9BGXH19G07BMN1655;Baixa monitorada
9BGXH19G07BMN1656;Baixa monitorada
9BGXH19G07BMN1657;Baixa monitorada
9BGXH19G07BMN1658;Baixa monitorada
9BGXH19G07BMN1659;Baixa monitorada
9BGXH19G07BMN1660;Baixa monitorada
9BGXH19G07BMN1661;Baixa monitorada
9BGXH19G07BMN1662;Baixa monitorada
9BGXH19G07BMN1663;Baixa monitorada
9BGXH19G07BMN1664;Baixa monitorada
9BGXH19G07BMN1665;Baixa monitorada
9BGXH19G07BMN1666;Baixa monitorada
9BGXH19G07BMN1667;Baixa monitorada
9BGXH19G07BMN1668;Baixa monitorada
9BGXH19G07BMN1669;ATIVO
9BGXH19G07BMN1670;ATIVO
9BGXH19G07BMN1671;ATIVO
9BGXH19G07BMN1672;ATIVO
9BGXH19G07BMN1673;ATIVO
9BGXH19G07BMN1674;ATIVO
9BGXH19G07BMN1675;ATIVO
9BGXH19G07BMN1676;ATIVO
9BGXH19G07BMN1677;ATIVO
9BGXH19G07BMN1678;ATIVO
9BGXH19G07BMN1679;ATIVO
9BGXH19G07BMN1680;ATIVO
9BGXH19G07BMN1681;ATIVO
9BGXH19G07BMN1682;ATIVO
9BGXH19G07BMN1683;ATIVO
9BGXH19G07BMN1684;ATIVO
9BGXH19G07BMN1685;ATIVO
9BGXH19G07BMN1686;ATIVO
9BGXH19G07BMN1687;ATIVO
9BGXH19G07BMN1688;ATIVO
9BGXH19G07BMN1689;ATIVO
9BGXH19G07BMN1690;ATIVO
9BGXH19G07BMN1691;ATIVO
9BGXH19G07BMN1692;ATIVO
9BGXH19G07BMN1693;ATIVO
9BGXH19G07BMN1694;ATIVO
9BGXH19G07BMN1695;ATIVO
9BGXH19G07BMN1696;ATIVO
9BGXH19G07BMN1697;ATIVO
9BGXH19G07BMN1698;ATIVO
9BGXH19G07BMN1699;ATIVO
9BGXH19G07BMN1700;ATIVO
9BGXH19G07BMN1701;ATIVO
9BGXH19G07BMN1702;ATIVO
9BGXH19G07BMN1703;ATIVO
9BGXH19G07BMN1704;ATIVO
9BGXH19G07BMN1705;ATIVO
9BGXH19G07BMN1706;ATIVO
9BGXH19G07BMN1707;ATIVO
9BGXH19G07BMN1708;ATIVO
9BGXH19G07BMN1709;ATIVO
9BGXH19G07BMN1710;ATIVO
9BGXH19G07BMN1711;ATIVO
9BGXH19G07BMN1712;ATIVO
9BGXH19G07BMN1713;ATIVO
9BGXH19G07BMN1714;ATIVO
9BGXH19G07BMN1715;ATIVO
9BGXH19G07BMN1716;ATIVO
9BGXH19G07BMN1717;ATIVO
9BGXH19G07BMN1718;ATIVO
9BGXH19G07BMN1719;ATIVO
9BGXH19G07BMN1720;ATIVO
9BGXH19G07BMN1721;ATIVO
9BGXH19G07BMN1722;ATIVO
9BGXH19G07BMN1723;ATIVO
9BGXH19G07BMN1724;ATIVO
9BGXH19G07BMN1725;ATIVO
9BGXH19G07BMN1726;ATIVO
9BGXH19G07BMN1727;ATIVO
9BGXH19G07BMN1728;ATIVO
9BGXH19G07BMN1729;ATIVO
9BGXH19G07BMN1730;ATIVO
9BGXH19G07BMN1731;ATIVO
9BGXH19G07BMN1732;ATIVO
9BGXH19G07BMN1733;ATIVO
9BGXH19G07BMN1734;ATIVO
9BGXH19G07BMN1735;ATIVO
9BGXH19G07BMN1736;ATIVO
9BGXH19G07BMN1737;ATIVO
9BGXH19G07BMN1738;ATIVO
9BGXH19G07BMN1739;ATIVO
9BGXH19G07BMN1740;ATIVO
9BGXH19G07BMN1741;ATIVO
9BGXH19G07BMN1742;ATIVO
9BGXH19G07BMN1743;ATIVO
9BGXH19G07BMN1744;ATIVO
9BGXH19G07BMN1745;ATIVO
9BGXH19G07BMN1746;ATIVO
9BGXH19G07BMN1747;ATIVO
9BGXH19G07BMN1748;ATIVO
9BGXH19G07BMN1749;ATIVO
9BGXH19G07BMN1750;ATIVO
9BGXH19G07BMN1751;ATIVO
9BGXH19G07BMN1752;ATIVO
9BGXH19G07BMN1753;ATIVO
9BGXH19G07BMN1754;ATIVO
9BGXH19G07BMN1755;ATIVO
9BGXH19G07BMN1756;ATIVO
9BGXH19G07BMN1757;ATIVO
9BGXH19G07BMN1758;ATIVO
9BGXH19G07BMN1759;ATIVO
9BGXH19G07BMN1760;ATIVO
9BGXH19G07BMN1761;ATIVO
9BGXH19G07BMN1762;ATIVO
9BGXH19G07BMN1763;ATIVO
9BGXH19G07BMN1764;ATIVO
9BGXH19G07BMN1765;ATIVO
9BGXH19G07BMN1766;ATIVO
9BGXH19G07BMN1767;ATIVO
9BGXH19G07BMN1768;ATIVO
9BGXH19G07BMN1769;Baixa monitorada
9BGXH19G07BMN1770;Baixa monitorada
9BGXH19G07BMN1771;Baixa monitorada
9BGXH19G07BMN1772;Baixa monitorada
9BGXH19G07BMN1773;Baixa monitorada
9BGXH19G07BMN1774;Baixa monitorada
9BGXH19G07BMN1775;Baixa monitorada
9BGXH19G07BMN1776;Baixa monitorada
9BGXH19G07BMN1777;Baixa monitorada
9BGXH19G07BMN1778;Baixa monitorada
9BGXH19G07BMN1779;Baixa monitorada
9BGXH19G07BMN1780;Baixa monitorada
9BGXH19G07BMN1781;Baixa monitorada
9BGXH19G07BMN1782;Baixa monitorada
9BGXH19G07BMN1783;Baixa monitorada
9BGXH19G07BMN1784;Baixa monitorada
9BGXH19G07BMN1785;Baixa monitorada
9BGXH19G07BMN1786;Baixa monitorada
9BGXH19G07BMN1787;Baixa monitorada
9BGXH19G07BMN1788;Baixa monitorada
9BGXH19G07BMN1789;Baixa monitorada
9BGXH19G07BMN1790;Baixa monitorada
9BGXH19G07BMN1791;Baixa monitorada
9BGXH19G07BMN1792;Baixa monitorada
9BGXH19G07BMN1793;Baixa monitorada
9BGXH19G07BMN1794;Baixa monitorada
9BGXH19G07BMN1795;Baixa monitorada
9BGXH19G07BMN1796;Baixa monitorada
9BGXH19G07BMN1797;Baixa monitorada
9BGXH19G07BMN1798;Baixa monitorada
9BGXH19G07BMN1799;Baixa monitorada
9BGXH19G07BMN1800;Baixa monitorada
9BGXH19G07BMN1801;Baixa monitorada
9BGXH19G07BMN1802;Baixa monitorada
9BGXH19G07BMN1803;Baixa monitorada
9BGXH19G07BMN1804;Baixa monitorada
9BGXH19G07BMN1805;Baixa monitorada
9BGXH19G07BMN1806;Baixa monitorada
9BGXH19G07BMN1807;Baixa monitorada
9BGXH19G07BMN1808;Baixa monitorada
9BGXH19G07BMN1809;Baixa monitorada
9BGXH19G07BMN1810;Baixa monitorada
9BGXH19G07BMN1811;Baixa monitorada
9BGXH19G07BMN1812;Baixa monitorada
9BGXH19G07BMN1813;Baixa monitorada
9BGXH19G07BMN1814;Baixa monitorada
9BGXH19G07BMN1815;Baixa monitorada
9BGXH19G07BMN1816;Baixa monitorada
9BGXH19G07BMN1817;Baixa monitorada
9BGXH19G07BMN1818;Baixa monitorada
9BGXH19G07BMN1819;Baixa monitorada
9BGXH19G07BMN1820;Baixa monitorada
9BGXH19G07BMN1821;Baixa monitorada
9BGXH19G07BMN1822;Baixa monitorada
9BGXH19G07BMN1823;Baixa monitorada
9BGXH19G07BMN1824;Baixa monitorada
9BGXH19G07BMN1825;Baixa monitorada
9BGXH19G07BMN1826;Baixa monitorada
9BGXH19G07BMN1827;Baixa monitorada
9BGXH19G07BMN1828;Baixa monitorada
9BGXH19G07BMN1829;Baixa monitorada
9BGXH19G07BMN1830;Baixa monitorada
9BGXH19G07BMN1831;Baixa monitorada
9BGXH19G07BMN1832;Baixa monitorada
9BGXH19G07BMN1833;Baixa monitorada
9BGXH19G07BMN1834;Baixa monitorada
9BGXH19G07BMN1835;Baixa monitorada
9BGXH19G07BMN1836;Baixa monitorada
9BGXH19G07BMN1837;Baixa monitorada
9BGXH19G07BMN1838;Baixa monitorada
9BGXH19G07BMN1839;Baixa monitorada
9BGXH19G07BMN1840;Baixa monitorada
9BGXH19G07BMN1841;Baixa monitorada
9BGXH19G07BMN1842;Baixa monitorada
9BGXH19G07BMN1843;Baixa monitorada
9BGXH19G07BMN1844;Baixa monitorada
9BGXH19G07BMN1845;Baixa monitorada
9BGXH19G07BMN1846;Baixa monitorada
9BGXH19G07BMN1847;Baixa monitorada
9BGXH19G07BMN1848;Baixa monitorada
9BGXH19G07BMN1849;Baixa monitorada
9BGXH19G07BMN1850;Baixa monitorada
9BGXH19G07BMN1851;Baixa monitorada
9BGXH19G07BMN1852;Baixa monitorada
9BGXH19G07BMN1853;Baixa monitorada
9BGXH19G07BMN1854;Baixa monitorada
9BGXH19G07BMN1855;Baixa monitorada
9BGXH19G07BMN1856;Baixa monitorada
9BGXH19G07BMN1857;Baixa monitorada
9BGXH19G07BMN1858;Baixa monitorada
9BGXH19G07BMN1859;Baixa monitorada
9BGXH19G07BMN1860;Baixa monitorada
9BGXH19G07BMN1861;Baixa monitorada
9BGXH19G07BMN1862;Baixa monitorada
9BGXH19G07BMN1863;Baixa monitorada
9BGXH19G07BMN1864;Baixa monitorada
9BGXH19G07BMN1865;Baixa monitorada
9BGXH19G07BMN1866;Baixa monitorada
9BGXH19G07BMN1867;Baixa monitorada
9BGXH19G07BMN1868;Baixa monitorada
9BGXH19G07BMN1869;ATIVO
9BGXH19G07BMN1870;ATIVO
9BGXH19G07BMN1871;ATIVO
9BGXH19G07BMN1872;ATIVO
9BGXH19G07BMN1873;ATIVO
9BGXH19G07BMN1874;ATIVO
9BGXH19G07BMN1875;ATIVO
9BGXH19G07BMN1876;ATIVO
9BGXH19G07BMN1877;ATIVO
9BGXH19G07BMN1878;ATIVO
9BGXH19G07BMN1879;ATIVO
9BGXH19G07BMN1880;ATIVO
9BGXH19G07BMN1881;ATIVO
9BGXH19G07BMN1882;ATIVO
9BGXH19G07BMN1883;ATIVO
9BGXH19G07BMN1884;ATIVO
9BGXH19G07BMN1885;ATIVO
9BGXH19G07BMN1886;ATIVO
9BGXH19G07BMN1887;ATIVO
9BGXH19G07BMN1888;ATIVO
9BGXH19G07BMN1889;ATIVO
9BGXH19G07BMN1890;ATIVO
9BGXH19G07BMN1891;ATIVO
9BGXH19G07BMN1892;ATIVO
9BGXH19G07BMN1893;ATIVO
9BGXH19G07BMN1894;Baixa monitorada
9BGXH19G07BMN1895;Baixa monitorada
9BGXH19G07BMN1896;Baixa monitorada
9BGXH19G07BMN1897;Baixa monitorada
9BGXH19G07BMN1898;Baixa monitorada
9BGXH19G07BMN1899;Baixa monitorada
9BGXH19G07BMN1900;Baixa monitorada
9BGXH19G07BMN1901;Baixa monitorada
9BGXH19G07BMN1902;Baixa monitorada
9BGXH19G07BMN1903;Baixa monitorada
9BGXH19G07BMN1904;Baixa monitorada
9BGXH19G07BMN1905;Baixa monitorada
9BGXH19G07BMN1906;Baixa monitorada
9BGXH19G07BMN1907;Baixa monitorada
9BGXH19G07BMN1908;Baixa monitorada
9BGXH19G07BMN1909;Baixa monitorada
9BGXH19G07BMN1910;Baixa monitorada
9BGXH19G07BMN1911;Baixa monitorada
9BGXH19G07BMN1912;Baixa monitorada
9BGXH19G07BMN1913;Baixa monitorada
9BGXH19G07BMN1914;Baixa monitorada
9BGXH19G07BMN1915;Baixa monitorada
9BGXH19G07BMN1916;Baixa monitorada
9BGXH19G07BMN1917;Baixa monitorada
9BGXH19G07BMN1918;Baixa monitorada
9BGXH19G07BMN1919;ATIVO
9BGXH19G07BMN1920;Nenhum registro encontrado
9BGXH19G07BMN1921;ATIVO
9BGXH19G07BMN1922;ATIVO
9BGXH19G07BMN1923;ATIVO
9BGXH19G07BMN1924;ATIVO
9BGXH19G07BMN1925;ATIVO
9BGXH19G07BMN1926;ATIVO
9BGXH19G07BMN1927;ATIVO
9BGXH19G07BMN1928;ATIVO
9BGXH19G07BMN1929;ATIVO
9BGXH19G07BMN1930;ATIVO
9BGXH19G07BMN1931;ATIVO
9BGXH19G07BMN1932;ATIVO
9BGXH19G07BMN1933;ATIVO
9BGXH19G07BMN1934;ATIVO
9BGXH19G07BMN1935;ATIVO
9BGXH19G07BMN1936;ATIVO
9BGXH19G07BMN1937;ATIVO
9BGXH19G07BMN1938;ATIVO
9BGXH19G07BMN1939;ATIVO
9BGXH19G07BMN1940;ATIVO
9BGXH19G07BMN1941;ATIVO
9BGXH19G07BMN1942;ATIVO
9BGXH19G07BMN1943;ATIVO
9BGXH19G07BMN1944;ATIVO
9BGXH19G07BMN1945;Baixa monitorada
9BGXH19G07BMN1946;Baixa monitorada
9BGXH19G07BMN1947;Baixa monitorada
9BGXH19G07BMN1948;Baixa monitorada
9BGXH19G07BMN1949;Baixa monitorada
9BGXH19G07BMN1950;Baixa monitorada
9BGXH19G07BMN1951;Baixa monitorada
9BGXH19G07BMN1952;Baixa monitorada
9BGXH19G07BMN1953;Baixa monitorada
9BGXH19G07BMN1954;Baixa monitorada
9BGXH19G07BMN1955;Baixa monitorada
9BGXH19G07BMN1956;Baixa monitorada
9BGXH19G07BMN1957;Baixa monitorada
9BGXH19G07BMN1958;Baixa monitorada
9BGXH19G07BMN1959;Baixa monitorada
9BGXH19G07BMN1960;Baixa monitorada
9BGXH19G07BMN1961;Baixa monitorada
9BGXH19G07BMN1962;Baixa monitorada
9BGXH19G07BMN1963;Baixa monitorada
9BGXH19G07BMN1964;Baixa monitorada
9BGXH19G07BMN1965;Baixa monitorada
9BGXH19G07BMN1966;Baixa monitorada
9BGXH19G07BMN1967;Baixa monitorada
9BGXH19G07BMN1968;Baixa monitorada
9BGXH19G07BMN1969;Baixa monitorada
9BGXH19G07BMN1970;ATIVO
9BGXH19G07BMN1971;ATIVO
9BGXH19G07BMN1972;ATIVO
9BGXH19G07BMN1973;ATIVO
9BGXH19G07BMN1974;ATIVO
9BGXH19G07BMN1975;ATIVO
9BGXH19G07BMN1976;ATIVO
9BGXH19G07BMN1977;ATIVO
9BGXH19G07BMN1978;ATIVO
9BGXH19G07BMN1979;ATIVO
9BGXH19G07BMN1980;ATIVO
9BGXH19G07BMN1981;ATIVO
9BGXH19G07BMN1982;ATIVO
9BGXH19G07BMN1983;ATIVO
9BGXH19G07BMN1984;ATIVO
9BGXH19G07BMN1985;ATIVO
9BGXH19G07BMN1986;ATIVO
9BGXH19G07BMN1987;ATIVO
9BGXH19G07BMN1988;ATIVO
9BGXH19G07BMN1989;ATIVO
9BGXH19G07BMN1990;ATIVO
9BGXH19G07BMN1991;ATIVO
9BGXH19G07BMN1992;ATIVO
9BGXH19G07BMN1993;ATIVO
9BGXH19G07BMN1994;ATIVO
9BGXH19G07BMN1995;ATIVO
9BGXH19G07BMN1996;ATIVO
9BGXH19G07BMN1997;ATIVO
9BGXH19G07BMN1998;Nenhum registro encontrado
9BGXH19G07BMN1999;Nenhum registro encontrado
9BGXH19G07BMN2000;Nenhum registro encontrado
