9BGXH19G07BMN1001;Baixa monitorada
9BGXH19G07BMN1002;Baixa monitorada
9BGXH19G07BMN1003;Baixa monitorada
9BGXH19G07BMN1004;Baixa monitorada
9BGXH19G07BMN1005;Baixa monitorada
9BGXH19G07BMN1006;Baixa monitorada
9BGXH19G07BMN1007;Baixa monitorada
9BGXH19G07BMN1008;Baixa monitorada
9BGXH19G07BMN1009;Baixa monitorada
9BGXH19G07BMN1010;Baixa monitorada
9BGXH19G07BMN1011;Baixa monitorada
9BGXH19G07BMN1012;Baixa monitorada
9BGXH19G07BMN1013;Baixa monitorada
9BGXH19G07BMN1014;Baixa monitorada
9BGXH19G07BMN1015;Baixa monitorada
9BGXH19G07BMN1016;Baixa monitorada
9BGXH19G07BMN1017;Baixa monitorada
9BGXH19G07BMN1018;Baixa monitorada
9BGXH19G07BMN1019;Baixa monitorada
9BGXH19G07BMN1020;Baixa monitorada
9BGXH19G07BMN1001;Baixa monitorada
9BGXH19G07BMN1002;Baixa monitorada
9BGXH19G07BMN1003;Baixa monitorada
9BGXH19G07BMN1004;Baixa monitorada
9BGXH19G07BMN1005;Baixa monitorada
9BGXH19G07BMN1006;Baixa monitorada
9BGXH19G07BMN1007;Baixa monitorada
9BGXH19G07BMN1008;Baixa monitorada
9BGXH19G07BMN1009;Baixa monitorada
9BGXH19G07BMN1010;Baixa monitorada
9BGXH19G07BMN1011;Baixa monitorada
9BGXH19G07BMN1012;Baixa monitorada
9BGXH19G07BMN1013;Baixa monitorada
9BGXH19G07BMN1014;Baixa monitorada
9BGXH19G07BMN1015;Baixa monitorada
9BGXH19G07BMN1016;Baixa monitorada
9BGXH19G07BMN1017;Baixa monitorada
9BGXH19G07BMN1018;Baixa monitorada
9BGXH19G07BMN1019;Baixa monitorada
9BGXH19G07BMN1020;Baixa monitorada
9BGXH19G07BMN1021;Baixa monitorada
9BGXH19G07BMN1022;Baixa monitorada
9BGXH19G07BMN1023;Baixa monitorada
9BGXH19G07BMN1024;Baixa monitorada
9BGXH19G07BMN1025;Baixa monitorada
9BGXH19G07BMN1026;Baixa monitorada
9BGXH19G07BMN1027;Baixa monitorada
9BGXH19G07BMN1028;Baixa monitorada
9BGXH19G07BMN1029;Baixa monitorada
9BGXH19G07BMN1030;Baixa monitorada
9BGXH19G07BMN1031;Baixa monitorada
9BGXH19G07BMN1032;Baixa monitorada
9BGXH19G07BMN1033;Baixa monitorada
9BGXH19G07BMN1034;Baixa monitorada
9BGXH19G07BMN1035;Baixa monitorada
9BGXH19G07BMN1036;Baixa monitorada
9BGXH19G07BMN1037;Baixa monitorada
9BGXH19G07BMN1038;Baixa monitorada
9BGXH19G07BMN1039;Baixa monitorada
9BGXH19G07BMN1040;Baixa monitorada
9BGXH19G07BMN1041;Nenhum registro encontrado
9BGXH19G07BMN1042;Baixa monitorada
9BGXH19G07BMN1043;Baixa monitorada
9BGXH19G07BMN1044;Nenhum registro encontrado
9BGXH19G07BMN1045;Baixa monitorada
9BGXH19G07BMN1046;Baixa monitorada
9BGXH19G07BMN1047;Baixa monitorada
9BGXH19G07BMN1048;Baixa monitorada
9BGXH19G07BMN1049;Nenhum registro encontrado
9BGXH19G07BMN1050;Nenhum registro encontrado
9BGXH19G07BMN1051;Baixa monitorada
9BGXH19G07BMN1052;Nenhum registro encontrado
9BGXH19G07BMN1053;Nenhum registro encontrado
9BGXH19G07BMN1054;Nenhum registro encontrado
9BGXH19G07BMN1055;Nenhum registro encontrado
9BGXH19G07BMN1056;Baixa monitorada
9BGXH19G07BMN1057;Baixa monitorada
9BGXH19G07BMN1058;Baixa monitorada
9BGXH19G07BMN1059;ATIVO
9BGXH19G07BMN1060;ATIVO
9BGXH19G07BMN1061;ATIVO
9BGXH19G07BMN1062;ATIVO
9BGXH19G07BMN1063;ATIVO
9BGXH19G07BMN1064;ATIVO
9BGXH19G07BMN1065;ATIVO
9BGXH19G07BMN1066;ATIVO
9BGXH19G07BMN1067;ATIVO
9BGXH19G07BMN1068;ATIVO
9BGXH19G07BMN1069;Nenhum registro encontrado
9BGXH19G07BMN1070;ATIVO
9BGXH19G07BMN1071;Nenhum registro encontrado
9BGXH19G07BMN1072;Nenhum registro encontrado
9BGXH19G07BMN1073;Nenhum registro encontrado
9BGXH19G07BMN1074;ATIVO
9BGXH19G07BMN1075;ATIVO
9BGXH19G07BMN1076;ATIVO
9BGXH19G07BMN1077;ATIVO
9BGXH19G07BMN1078;ATIVO
9BGXH19G07BMN1079;Nenhum registro encontrado
9BGXH19G07BMN1080;Baixado
