9BGXH19G07BMN1001;Baixa monitorada
9BGXH19G07BMN1002;Baixa monitorada
9BGXH19G07BMN1003;Baixa monitorada
9BGXH19G07BMN1004;Baixa monitorada
9BGXH19G07BMN1005;Baixa monitorada
9BGXH19G07BMN1006;Baixa monitorada
9BGXH19G07BMN1007;Baixa monitorada
9BGXH19G07BMN1008;Baixa monitorada
9BGXH19G07BMN1009;Baixa monitorada
9BGXH19G07BMN1010;Baixa monitorada
9BGXH19G07BMN1011;Baixa monitorada
9BGXH19G07BMN1012;Baixa monitorada
9BGXH19G07BMN1013;Baixa monitorada
9BGXH19G07BMN1014;Baixa monitorada
9BGXH19G07BMN1015;Baixa monitorada
9BGXH19G07BMN1016;Baixa monitorada
9BGXH19G07BMN1017;Baixa monitorada
9BGXH19G07BMN1018;Baixa monitorada
9BGXH19G07BMN1019;Baixa monitorada
9BGXH19G07BMN1020;Baixa monitorada
9BGXH19G07BMN1021;Baixa monitorada
9BGXH19G07BMN1022;Baixa monitorada
9BGXH19G07BMN1023;Baixa monitorada
9BGXH19G07BMN1024;Baixa monitorada
9BGXH19G07BMN1025;Baixa monitorada
9BGXH19G07BMN1026;ATIVO
9BGXH19G07BMN1027;ATIVO
9BGXH19G07BMN1028;ATIVO
9BGXH19G07BMN1029;ATIVO
9BGXH19G07BMN1030;ATIVO
9BGXH19G07BMN1031;ATIVO
9BGXH19G07BMN1032;ATIVO
9BGXH19G07BMN1033;ATIVO
9BGXH19G07BMN1034;ATIVO
9BGXH19G07BMN1035;ATIVO
9BGXH19G07BMN1036;ATIVO
9BGXH19G07BMN1037;ATIVO
9BGXH19G07BMN1038;ATIVO
9BGXH19G07BMN1039;ATIVO
9BGXH19G07BMN1040;ATIVO
9BGXH19G07BMN1041;Nenhum registro encontrado
9BGXH19G07BMN1042;ATIVO
9BGXH19G07BMN1043;ATIVO
9BGXH19G07BMN1044;Nenhum registro encontrado
9BGXH19G07BMN1045;ATIVO
9BGXH19G07BMN1046;ATIVO
9BGXH19G07BMN1047;ATIVO
9BGXH19G07BMN1048;ATIVO
9BGXH19G07BMN1049;Nenhum registro encontrado
9BGXH19G07BMN1050;Nenhum registro encontrado
9BGXH19G07BMN1051;ATIVO
9BGXH19G07BMN1052;Nenhum registro encontrado
9BGXH19G07BMN1053;Nenhum registro encontrado
9BGXH19G07BMN1054;Nenhum registro encontrado
9BGXH19G07BMN1055;Nenhum registro encontrado
9BGXH19G07BMN1056;ATIVO
9BGXH19G07BMN1057;ATIVO
9BGXH19G07BMN1058;ATIVO
9BGXH19G07BMN1059;Baixa monitorada
9BGXH19G07BMN1060;Baixa monitorada
9BGXH19G07BMN1061;Baixa monitorada
9BGXH19G07BMN1062;Baixa monitorada
9BGXH19G07BMN1063;Baixa monitorada
9BGXH19G07BMN1064;Baixa monitorada
9BGXH19G07BMN1065;Baixa monitorada
9BGXH19G07BMN1066;Baixa monitorada
9BGXH19G07BMN1067;Baixa monitorada
9BGXH19G07BMN1068;Baixa monitorada
9BGXH19G07BMN1069;Nenhum registro encontrado
9BGXH19G07BMN1070;Baixa monitorada
9BGXH19G07BMN1071;Nenhum registro encontrado
9BGXH19G07BMN1072;Nenhum registro encontrado
9BGXH19G07BMN1073;Nenhum registro encontrado
9BGXH19G07BMN1074;Baixa monitorada
9BGXH19G07BMN1075;Baixa monitorada
9BGXH19G07BMN1076;Baixa monitorada
9BGXH19G07BMN1077;Baixa monitorada
9BGXH19G07BMN1078;Baixa monitorada
9BGXH19G07BMN1079;Nenhum registro encontrado
9BGXH19G07BMN1080;Baixado
9BGXH19G07BMN1081;Baixa monitorada
9BGXH19G07BMN1082;Baixa monitorada
9BGXH19G07BMN1083;Baixa monitorada
9BGXH19G07BMN1084;Baixa monitorada
9BGXH19G07BMN1085;Nenhum registro encontrado
9BGXH19G07BMN1086;Nenhum registro encontrado
9BGXH19G07BMN1087;Baixa monitorada
9BGXH19G07BMN1088;Baixa monitorada
9BGXH19G07BMN1089;Baixa monitorada
9BGXH19G07BMN1090;Baixa monitorada
9BGXH19G07BMN1091;ATIVO
9BGXH19G07BMN1092;ATIVO
9BGXH19G07BMN1093;ATIVO
9BGXH19G07BMN1094;ATIVO
9BGXH19G07BMN1095;ATIVO
9BGXH19G07BMN1096;ATIVO
9BGXH19G07BMN1097;ATIVO
9BGXH19G07BMN1098;Nenhum registro encontrado
9BGXH19G07BMN1099;ATIVO
9BGXH19G07BMN1100;Nenhum registro encontrado
9BGXH19G07BMN1101;ATIVO
9BGXH19G07BMN1102;ATIVO
9BGXH19G07BMN1103;ATIVO
9BGXH19G07BMN1104;ATIVO
9BGXH19G07BMN1105;ATIVO
9BGXH19G07BMN1106;ATIVO
9BGXH19G07BMN1107;ATIVO
9BGXH19G07BMN1108;ATIVO
9BGXH19G07BMN1109;ATIVO
9BGXH19G07BMN1110;ATIVO
9BGXH19G07BMN1111;ATIVO
9BGXH19G07BMN1112;ATIVO
9BGXH19G07BMN1113;ATIVO
9BGXH19G07BMN1114;ATIVO
9BGXH19G07BMN1115;ATIVO
9BGXH19G07BMN1116;ATIVO
9BGXH19G07BMN1117;ATIVO
9BGXH19G07BMN1118;ATIVO
9BGXH19G07BMN1119;ATIVO
9BGXH19G07BMN1120;ATIVO
9BGXH19G07BMN1121;ATIVO
9BGXH19G07BMN1122;ATIVO
9BGXH19G07BMN1123;ATIVO
9BGXH19G07BMN1124;ATIVO
9BGXH19G07BMN1125;ATIVO
9BGXH19G07BMN1126;ATIVO
9BGXH19G07BMN1127;ATIVO
9BGXH19G07BMN1128;ATIVO
9BGXH19G07BMN1129;ATIVO
9BGXH19G07BMN1130;ATIVO
9BGXH19G07BMN1131;ATIVO
9BGXH19G07BMN1132;ATIVO
9BGXH19G07BMN1133;ATIVO
9BGXH19G07BMN1134;ATIVO
9BGXH19G07BMN1135;ATIVO
9BGXH19G07BMN1136;ATIVO
9BGXH19G07BMN1137;ATIVO
9BGXH19G07BMN1138;ATIVO
9BGXH19G07BMN1139;ATIVO
9BGXH19G07BMN1140;ATIVO
9BGXH19G07BMN1141;ATIVO
9BGXH19G07BMN1142;ATIVO
9BGXH19G07BMN1143;ATIVO
9BGXH19G07BMN1144;ATIVO
9BGXH19G07BMN1145;ATIVO
9BGXH19G07BMN1146;ATIVO
9BGXH19G07BMN1147;ATIVO
9BGXH19G07BMN1148;ATIVO
9BGXH19G07BMN1149;ATIVO
9BGXH19G07BMN1150;ATIVO
9BGXH19G07BMN1151;ATIVO
9BGXH19G07BMN1152;ATIVO
9BGXH19G07BMN1153;ATIVO
9BGXH19G07BMN1154;ATIVO
9BGXH19G07BMN1155;ATIVO
9BGXH19G07BMN1156;ATIVO
9BGXH19G07BMN1157;ATIVO
9BGXH19G07BMN1158;ATIVO
9BGXH19G07BMN1159;ATIVO
9BGXH19G07BMN1160;ATIVO
9BGXH19G07BMN1161;ATIVO
9BGXH19G07BMN1162;ATIVO
9BGXH19G07BMN1163;ATIVO
9BGXH19G07BMN1164;ATIVO
9BGXH19G07BMN1165;ATIVO
9BGXH19G07BMN1166;ATIVO
9BGXH19G07BMN1167;ATIVO
9BGXH19G07BMN1168;ATIVO
9BGXH19G07BMN1169;ATIVO
9BGXH19G07BMN1170;ATIVO
9BGXH19G07BMN1171;ATIVO
9BGXH19G07BMN1172;ATIVO
9BGXH19G07BMN1173;ATIVO
9BGXH19G07BMN1174;ATIVO
9BGXH19G07BMN1175;ATIVO
9BGXH19G07BMN1176;ATIVO
9BGXH19G07BMN1177;ATIVO
9BGXH19G07BMN1178;ATIVO
9BGXH19G07BMN1179;ATIVO
9BGXH19G07BMN1180;ATIVO
9BGXH19G07BMN1181;ATIVO
9BGXH19G07BMN1182;ATIVO
9BGXH19G07BMN1183;ATIVO
9BGXH19G07BMN1184;ATIVO
9BGXH19G07BMN1185;ATIVO
9BGXH19G07BMN1186;ATIVO
9BGXH19G07BMN1187;ATIVO
9BGXH19G07BMN1188;ATIVO
9BGXH19G07BMN1189;ATIVO
9BGXH19G07BMN1190;ATIVO
9BGXH19G07BMN1191;ATIVO
9BGXH19G07BMN1192;ATIVO
9BGXH19G07BMN1193;ATIVO
9BGXH19G07BMN1194;ATIVO
9BGXH19G07BMN1195;ATIVO
9BGXH19G07BMN1196;ATIVO
9BGXH19G07BMN1197;ATIVO
9BGXH19G07BMN1198;ATIVO
9BGXH19G07BMN1199;ATIVO
9BGXH19G07BMN1200;ATIVO
9BGXH19G07BMN1201;ATIVO
9BGXH19G07BMN1202;ATIVO
9BGXH19G07BMN1203;ATIVO
9BGXH19G07BMN1204;ATIVO
9BGXH19G07BMN1205;ATIVO
9BGXH19G07BMN1206;ATIVO
9BGXH19G07BMN1207;ATIVO
9BGXH19G07BMN1208;ATIVO
9BGXH19G07BMN1209;ATIVO
9BGXH19G07BMN1210;ATIVO
9BGXH19G07BMN1211;ATIVO
9BGXH19G07BMN1212;ATIVO
9BGXH19G07BMN1213;ATIVO
9BGXH19G07BMN1214;ATIVO
9BGXH19G07BMN1215;ATIVO
9BGXH19G07BMN1216;ATIVO
9BGXH19G07BMN1217;ATIVO
9BGXH19G07BMN1218;ATIVO
9BGXH19G07BMN1219;ATIVO
9BGXH19G07BMN1220;ATIVO
9BGXH19G07BMN1221;ATIVO
9BGXH19G07BMN1222;ATIVO
9BGXH19G07BMN1223;ATIVO
9BGXH19G07BMN1224;ATIVO
9BGXH19G07BMN1225;ATIVO
9BGXH19G07BMN1226;ATIVO
9BGXH19G07BMN1227;ATIVO
9BGXH19G07BMN1228;ATIVO
9BGXH19G07BMN1229;ATIVO
9BGXH19G07BMN1230;ATIVO
9BGXH19G07BMN1231;ATIVO
9BGXH19G07BMN1232;ATIVO
9BGXH19G07BMN1233;ATIVO
9BGXH19G07BMN1234;ATIVO
9BGXH19G07BMN1235;ATIVO
9BGXH19G07BMN1236;ATIVO
9BGXH19G07BMN1237;ATIVO
9BGXH19G07BMN1238;ATIVO
9BGXH19G07BMN1239;ATIVO
9BGXH19G07BMN1240;ATIVO
9BGXH19G07BMN1241;ATIVO
9BGXH19G07BMN1242;ATIVO
9BGXH19G07BMN1243;ATIVO
9BGXH19G07BMN1244;ATIVO
9BGXH19G07BMN1245;ATIVO
9BGXH19G07BMN1246;ATIVO
9BGXH19G07BMN1247;ATIVO
9BGXH19G07BMN1248;ATIVO
9BGXH19G07BMN1249;ATIVO
9BGXH19G07BMN1250;ATIVO
9BGXH19G07BMN1251;ATIVO
9BGXH19G07BMN1252;ATIVO
9BGXH19G07BMN1253;ATIVO
9BGXH19G07BMN1254;ATIVO
9BGXH19G07BMN1255;ATIVO
9BGXH19G07BMN1256;ATIVO
9BGXH19G07BMN1257;ATIVO
9BGXH19G07BMN1258;ATIVO
9BGXH19G07BMN1259;ATIVO
9BGXH19G07BMN1260;ATIVO
9BGXH19G07BMN1261;ATIVO
9BGXH19G07BMN1262;ATIVO
9BGXH19G07BMN1263;ATIVO
9BGXH19G07BMN1264;ATIVO
9BGXH19G07BMN1265;ATIVO
9BGXH19G07BMN1266;ATIVO
9BGXH19G07BMN1267;ATIVO
9BGXH19G07BMN1268;ATIVO
9BGXH19G07BMN1269;ATIVO
9BGXH19G07BMN1270;ATIVO
9BGXH19G07BMN1271;ATIVO
9BGXH19G07BMN1272;ATIVO
9BGXH19G07BMN1273;ATIVO
9BGXH19G07BMN1274;ATIVO
9BGXH19G07BMN1275;ATIVO
9BGXH19G07BMN1276;ATIVO
9BGXH19G07BMN1277;ATIVO
9BGXH19G07BMN1278;ATIVO
9BGXH19G07BMN1279;ATIVO
9BGXH19G07BMN1280;ATIVO
9BGXH19G07BMN1281;ATIVO
9BGXH19G07BMN1282;ATIVO
9BGXH19G07BMN1283;ATIVO
9BGXH19G07BMN1284;ATIVO
9BGXH19G07BMN1285;ATIVO
9BGXH19G07BMN1286;ATIVO
9BGXH19G07BMN1287;ATIVO
9BGXH19G07BMN1288;ATIVO
9BGXH19G07BMN1289;ATIVO
9BGXH19G07BMN1290;ATIVO
9BGXH19G07BMN1291;ATIVO
9BGXH19G07BMN1292;ATIVO
9BGXH19G07BMN1293;ATIVO
9BGXH19G07BMN1294;ATIVO
9BGXH19G07BMN1295;ATIVO
9BGXH19G07BMN1296;ATIVO
9BGXH19G07BMN1297;ATIVO
9BGXH19G07BMN1298;ATIVO
9BGXH19G07BMN1299;ATIVO
9BGXH19G07BMN1300;ATIVO
9BGXH19G07BMN1301;ATIVO
9BGXH19G07BMN1302;ATIVO
9BGXH19G07BMN1303;ATIVO
9BGXH19G07BMN1304;ATIVO
9BGXH19G07BMN1305;ATIVO
9BGXH19G07BMN1306;ATIVO
9BGXH19G07BMN1307;ATIVO
9BGXH19G07BMN1308;ATIVO
9BGXH19G07BMN1309;ATIVO
9BGXH19G07BMN1310;ATIVO
9BGXH19G07BMN1311;ATIVO
9BGXH19G07BMN1312;ATIVO
9BGXH19G07BMN1313;ATIVO
9BGXH19G07BMN1314;ATIVO
9BGXH19G07BMN1315;ATIVO
9BGXH19G07BMN1316;ATIVO
9BGXH19G07BMN1317;ATIVO
9BGXH19G07BMN1318;ATIVO
9BGXH19G07BMN1319;ATIVO
9BGXH19G07BMN1320;ATIVO
9BGXH19G07BMN1321;ATIVO
9BGXH19G07BMN1322;ATIVO
9BGXH19G07BMN1323;ATIVO
9BGXH19G07BMN1324;ATIVO
9BGXH19G07BMN1325;ATIVO
9BGXH19G07BMN1326;ATIVO
9BGXH19G07BMN1327;ATIVO
9BGXH19G07BMN1328;ATIVO
9BGXH19G07BMN1329;ATIVO
9BGXH19G07BMN1330;ATIVO
9BGXH19G07BMN1331;ATIVO
9BGXH19G07BMN1332;ATIVO
9BGXH19G07BMN1333;ATIVO
9BGXH19G07BMN1334;ATIVO
9BGXH19G07BMN1335;ATIVO
9BGXH19G07BMN1336;ATIVO
9BGXH19G07BMN1337;ATIVO
9BGXH19G07BMN1338;ATIVO
9BGXH19G07BMN1339;ATIVO
9BGXH19G07BMN1340;ATIVO
9BGXH19G07BMN1341;ATIVO
9BGXH19G07BMN1342;ATIVO
9BGXH19G07BMN1343;ATIVO
9BGXH19G07BMN1344;ATIVO
9BGXH19G07BMN1345;ATIVO
9BGXH19G07BMN1346;ATIVO
9BGXH19G07BMN1347;ATIVO
9BGXH19G07BMN1348;ATIVO
9BGXH19G07BMN1349;ATIVO
9BGXH19G07BMN1350;ATIVO
9BGXH19G07BMN1351;ATIVO
9BGXH19G07BMN1352;ATIVO
9BGXH19G07BMN1353;ATIVO
9BGXH19G07BMN1354;ATIVO
9BGXH19G07BMN1355;ATIVO
9BGXH19G07BMN1356;ATIVO
9BGXH19G07BMN1357;ATIVO
9BGXH19G07BMN1358;ATIVO
9BGXH19G07BMN1359;ATIVO
9BGXH19G07BMN1360;ATIVO
9BGXH19G07BMN1361;ATIVO
9BGXH19G07BMN1362;ATIVO
9BGXH19G07BMN1363;ATIVO
9BGXH19G07BMN1364;ATIVO
9BGXH19G07BMN1365;ATIVO
9BGXH19G07BMN1366;ATIVO
9BGXH19G07BMN1367;ATIVO
9BGXH19G07BMN1368;ATIVO
9BGXH19G07BMN1369;ATIVO
9BGXH19G07BMN1370;ATIVO
9BGXH19G07BMN1371;ATIVO
9BGXH19G07BMN1372;ATIVO
9BGXH19G07BMN1373;ATIVO
9BGXH19G07BMN1374;ATIVO
9BGXH19G07BMN1375;ATIVO
9BGXH19G07BMN1376;ATIVO
9BGXH19G07BMN1377;ATIVO
9BGXH19G07BMN1378;ATIVO
9BGXH19G07BMN1379;ATIVO
9BGXH19G07BMN1380;ATIVO
9BGXH19G07BMN1381;ATIVO
9BGXH19G07BMN1382;ATIVO
9BGXH19G07BMN1383;ATIVO
9BGXH19G07BMN1384;ATIVO
9BGXH19G07BMN1385;ATIVO
9BGXH19G07BMN1386;ATIVO
9BGXH19G07BMN1387;ATIVO
9BGXH19G07BMN1388;ATIVO
9BGXH19G07BMN1389;ATIVO
9BGXH19G07BMN1390;ATIVO
9BGXH19G07BMN1391;ATIVO
9BGXH19G07BMN1392;ATIVO
9BGXH19G07BMN1393;ATIVO
9BGXH19G07BMN1394;ATIVO
9BGXH19G07BMN1395;ATIVO
9BGXH19G07BMN1396;ATIVO
9BGXH19G07BMN1397;ATIVO
9BGXH19G07BMN1398;ATIVO
9BGXH19G07BMN1399;ATIVO
9BGXH19G07BMN1400;ATIVO
9BGXH19G07BMN1401;ATIVO
9BGXH19G07BMN1402;ATIVO
9BGXH19G07BMN1403;ATIVO
9BGXH19G07BMN1404;ATIVO
9BGXH19G07BMN1405;ATIVO
9BGXH19G07BMN1406;ATIVO
9BGXH19G07BMN1407;ATIVO
9BGXH19G07BMN1408;ATIVO
9BGXH19G07BMN1409;ATIVO
9BGXH19G07BMN1410;ATIVO
9BGXH19G07BMN1411;ATIVO
9BGXH19G07BMN1412;ATIVO
9BGXH19G07BMN1413;ATIVO
9BGXH19G07BMN1414;ATIVO
9BGXH19G07BMN1415;ATIVO
9BGXH19G07BMN1416;ATIVO
9BGXH19G07BMN1417;ATIVO
9BGXH19G07BMN1418;ATIVO
9BGXH19G07BMN1419;ATIVO
9BGXH19G07BMN1420;ATIVO
9BGXH19G07BMN1421;ATIVO
9BGXH19G07BMN1422;ATIVO
9BGXH19G07BMN1423;ATIVO
9BGXH19G07BMN1424;ATIVO
9BGXH19G07BMN1425;ATIVO
9BGXH19G07BMN1426;ATIVO
9BGXH19G07BMN1427;ATIVO
9BGXH19G07BMN1428;ATIVO
9BGXH19G07BMN1429;ATIVO
9BGXH19G07BMN1430;ATIVO
9BGXH19G07BMN1431;ATIVO
9BGXH19G07BMN1432;ATIVO
9BGXH19G07BMN1433;ATIVO
9BGXH19G07BMN1434;ATIVO
9BGXH19G07BMN1435;ATIVO
9BGXH19G07BMN1436;ATIVO
9BGXH19G07BMN1437;ATIVO
9BGXH19G07BMN1438;ATIVO
9BGXH19G07BMN1439;ATIVO
9BGXH19G07BMN1440;ATIVO
9BGXH19G07BMN1441;ATIVO
9BGXH19G07BMN1442;ATIVO
9BGXH19G07BMN1443;ATIVO
9BGXH19G07BMN1444;ATIVO
9BGXH19G07BMN1445;ATIVO
9BGXH19G07BMN1446;ATIVO
9BGXH19G07BMN1447;ATIVO
9BGXH19G07BMN1448;ATIVO
9BGXH19G07BMN1449;ATIVO
9BGXH19G07BMN1450;ATIVO
9BGXH19G07BMN1451;ATIVO
9BGXH19G07BMN1452;ATIVO
9BGXH19G07BMN1453;ATIVO
9BGXH19G07BMN1454;ATIVO
9BGXH19G07BMN1455;ATIVO
9BGXH19G07BMN1456;ATIVO
9BGXH19G07BMN1457;ATIVO
9BGXH19G07BMN1458;ATIVO
9BGXH19G07BMN1459;ATIVO
9BGXH19G07BMN1460;ATIVO
9BGXH19G07BMN1461;ATIVO
9BGXH19G07BMN1462;ATIVO
9BGXH19G07BMN1463;ATIVO
9BGXH19G07BMN1464;ATIVO
9BGXH19G07BMN1465;ATIVO
9BGXH19G07BMN1466;ATIVO
9BGXH19G07BMN1467;ATIVO
9BGXH19G07BMN1468;ATIVO
9BGXH19G07BMN1469;ATIVO
9BGXH19G07BMN1470;ATIVO
9BGXH19G07BMN1471;ATIVO
9BGXH19G07BMN1472;ATIVO
9BGXH19G07BMN1473;ATIVO
9BGXH19G07BMN1474;ATIVO
9BGXH19G07BMN1475;ATIVO
9BGXH19G07BMN1476;ATIVO
9BGXH19G07BMN1477;ATIVO
9BGXH19G07BMN1478;ATIVO
9BGXH19G07BMN1479;ATIVO
9BGXH19G07BMN1480;ATIVO
9BGXH19G07BMN1481;ATIVO
9BGXH19G07BMN1482;ATIVO
9BGXH19G07BMN1483;ATIVO
9BGXH19G07BMN1484;ATIVO
9BGXH19G07BMN1485;ATIVO
9BGXH19G07BMN1486;ATIVO
9BGXH19G07BMN1487;ATIVO
9BGXH19G07BMN1488;ATIVO
9BGXH19G07BMN1489;ATIVO
9BGXH19G07BMN1490;ATIVO
9BGXH19G07BMN1491;ATIVO
9BGXH19G07BMN1492;ATIVO
9BGXH19G07BMN1493;ATIVO
9BGXH19G07BMN1494;ATIVO
9BGXH19G07BMN1495;ATIVO
9BGXH19G07BMN1496;ATIVO
9BGXH19G07BMN1497;ATIVO
9BGXH19G07BMN1498;ATIVO
9BGXH19G07BMN1499;ATIVO
9BGXH19G07BMN1500;ATIVO
9BGXH19G07BMN1501;ATIVO
9BGXH19G07BMN1502;ATIVO
9BGXH19G07BMN1503;ATIVO
9BGXH19G07BMN1504;ATIVO
9BGXH19G07BMN1505;ATIVO
9BGXH19G07BMN1506;ATIVO
9BGXH19G07BMN1507;ATIVO
9BGXH19G07BMN1508;ATIVO
9BGXH19G07BMN1509;ATIVO
9BGXH19G07BMN1510;ATIVO
9BGXH19G07BMN1511;ATIVO
9BGXH19G07BMN1512;ATIVO
9BGXH19G07BMN1513;ATIVO
9BGXH19G07BMN1514;ATIVO
9BGXH19G07BMN1515;ATIVO
9BGXH19G07BMN1516;ATIVO
9BGXH19G07BMN1517;ATIVO
9BGXH19G07BMN1518;ATIVO
9BGXH19G07BMN1519;ATIVO
9BGXH19G07BMN1520;ATIVO
9BGXH19G07BMN1521;ATIVO
9BGXH19G07BMN1522;ATIVO
9BGXH19G07BMN1523;ATIVO
9BGXH19G07BMN1524;ATIVO
9BGXH19G07BMN1525;ATIVO
9BGXH19G07BMN1526;ATIVO
9BGXH19G07BMN1527;ATIVO
9BGXH19G07BMN1528;ATIVO
9BGXH19G07BMN1529;ATIVO
9BGXH19G07BMN1530;ATIVO
9BGXH19G07BMN1531;ATIVO
9BGXH19G07BMN1532;ATIVO
9BGXH19G07BMN1533;ATIVO
9BGXH19G07BMN1534;ATIVO
9BGXH19G07BMN1535;ATIVO
9BGXH19G07BMN1536;ATIVO
9BGXH19G07BMN1537;ATIVO
9BGXH19G07BMN1538;ATIVO
9BGXH19G07BMN1539;ATIVO
9BGXH19G07BMN1540;ATIVO
9BGXH19G07BMN1541;ATIVO
9BGXH19G07BMN1542;ATIVO
9BGXH19G07BMN1543;ATIVO
9BGXH19G07BMN1544;ATIVO
9BGXH19G07BMN1545;ATIVO
9BGXH19G07BMN1546;ATIVO
9BGXH19G07BMN1547;ATIVO
9BGXH19G07BMN1548;ATIVO
9BGXH19G07BMN1549;ATIVO
9BGXH19G07BMN1550;ATIVO
9BGXH19G07BMN1551;ATIVO
9BGXH19G07BMN1552;ATIVO
9BGXH19G07BMN1553;ATIVO
9BGXH19G07BMN1554;ATIVO
9BGXH19G07BMN1555;ATIVO
9BGXH19G07BMN1556;ATIVO
9BGXH19G07BMN1557;ATIVO
9BGXH19G07BMN1558;ATIVO
9BGXH19G07BMN1559;ATIVO
9BGXH19G07BMN1560;ATIVO
9BGXH19G07BMN1561;ATIVO
9BGXH19G07BMN1562;ATIVO
9BGXH19G07BMN1563;ATIVO
9BGXH19G07BMN1564;ATIVO
9BGXH19G07BMN1565;ATIVO
9BGXH19G07BMN1566;ATIVO
9BGXH19G07BMN1567;ATIVO
9BGXH19G07BMN1568;Baixa monitorada
9BGXH19G07BMN1569;ATIVO
9BGXH19G07BMN1570;ATIVO
9BGXH19G07BMN1571;ATIVO
9BGXH19G07BMN1572;ATIVO
9BGXH19G07BMN1573;Baixa monitorada
9BGXH19G07BMN1574;ATIVO
9BGXH19G07BMN1575;Baixa monitorada
9BGXH19G07BMN1576;Baixa monitorada
9BGXH19G07BMN1577;ATIVO
9BGXH19G07BMN1578;ATIVO
9BGXH19G07BMN1579;Baixa monitorada
9BGXH19G07BMN1580;ATIVO
9BGXH19G07BMN1581;Baixa monitorada
9BGXH19G07BMN1582;ATIVO
9BGXH19G07BMN1583;ATIVO
9BGXH19G07BMN1584;ATIVO
9BGXH19G07BMN1585;Baixa monitorada
9BGXH19G07BMN1586;ATIVO
9BGXH19G07BMN1587;ATIVO
9BGXH19G07BMN1588;Baixa monitorada
9BGXH19G07BMN1589;Nenhum registro encontrado
9BGXH19G07BMN1590;Baixa monitorada
9BGXH19G07BMN1591;Baixa monitorada
9BGXH19G07BMN1592;ATIVO
9BGXH19G07BMN1593;ATIVO
9BGXH19G07BMN1594;ATIVO
9BGXH19G07BMN1595;ATIVO
9BGXH19G07BMN1596;ATIVO
9BGXH19G07BMN1597;ATIVO
9BGXH19G07BMN1598;ATIVO
9BGXH19G07BMN1599;ATIVO
9BGXH19G07BMN1600;ATIVO
9BGXH19G07BMN1601;ATIVO
9BGXH19G07BMN1602;ATIVO
9BGXH19G07BMN1603;ATIVO
9BGXH19G07BMN1604;ATIVO
9BGXH19G07BMN1605;ATIVO
9BGXH19G07BMN1606;ATIVO
9BGXH19G07BMN1607;ATIVO
9BGXH19G07BMN1608;ATIVO
9BGXH19G07BMN1609;ATIVO
9BGXH19G07BMN1610;ATIVO
9BGXH19G07BMN1611;ATIVO
9BGXH19G07BMN1612;ATIVO
9BGXH19G07BMN1613;ATIVO
9BGXH19G07BMN1614;ATIVO
9BGXH19G07BMN1615;ATIVO
9BGXH19G07BMN1616;ATIVO
9BGXH19G07BMN1617;ATIVO
9BGXH19G07BMN1618;ATIVO
9BGXH19G07BMN1619;ATIVO
9BGXH19G07BMN1620;ATIVO
9BGXH19G07BMN1621;ATIVO
9BGXH19G07BMN1622;ATIVO
9BGXH19G07BMN1623;ATIVO
9BGXH19G07BMN1624;ATIVO
9BGXH19G07BMN1625;ATIVO
9BGXH19G07BMN1626;ATIVO
9BGXH19G07BMN1627;ATIVO
9BGXH19G07BMN1628;ATIVO
9BGXH19G07BMN1629;ATIVO
9BGXH19G07BMN1630;ATIVO
9BGXH19G07BMN1631;ATIVO
9BGXH19G07BMN1632;ATIVO
9BGXH19G07BMN1633;ATIVO
9BGXH19G07BMN1634;ATIVO
9BGXH19G07BMN1635;ATIVO
9BGXH19G07BMN1636;ATIVO
9BGXH19G07BMN1637;ATIVO
9BGXH19G07BMN1638;ATIVO
9BGXH19G07BMN1639;ATIVO
9BGXH19G07BMN1640;ATIVO
9BGXH19G07BMN1641;ATIVO
9BGXH19G07BMN1642;ATIVO
9BGXH19G07BMN1643;ATIVO
9BGXH19G07BMN1644;ATIVO
9BGXH19G07BMN1645;ATIVO
9BGXH19G07BMN1646;ATIVO
9BGXH19G07BMN1647;ATIVO
9BGXH19G07BMN1648;ATIVO
9BGXH19G07BMN1649;ATIVO
9BGXH19G07BMN1650;ATIVO
9BGXH19G07BMN1651;ATIVO
9BGXH19G07BMN1652;ATIVO
9BGXH19G07BMN1653;ATIVO
9BGXH19G07BMN1654;ATIVO
9BGXH19G07BMN1655;ATIVO
9BGXH19G07BMN1656;ATIVO
9BGXH19G07BMN1657;ATIVO
9BGXH19G07BMN1658;ATIVO
9BGXH19G07BMN1659;ATIVO
9BGXH19G07BMN1660;ATIVO
9BGXH19G07BMN1661;ATIVO
9BGXH19G07BMN1662;ATIVO
9BGXH19G07BMN1663;ATIVO
9BGXH19G07BMN1664;ATIVO
9BGXH19G07BMN1665;ATIVO
9BGXH19G07BMN1666;ATIVO
9BGXH19G07BMN1667;ATIVO
9BGXH19G07BMN1668;ATIVO
9BGXH19G07BMN1669;ATIVO
9BGXH19G07BMN1670;ATIVO
9BGXH19G07BMN1671;ATIVO
9BGXH19G07BMN1672;ATIVO
9BGXH19G07BMN1673;ATIVO
9BGXH19G07BMN1674;ATIVO
9BGXH19G07BMN1675;ATIVO
9BGXH19G07BMN1676;ATIVO
9BGXH19G07BMN1677;ATIVO
9BGXH19G07BMN1678;ATIVO
9BGXH19G07BMN1679;ATIVO
9BGXH19G07BMN1680;ATIVO
9BGXH19G07BMN1681;ATIVO
9BGXH19G07BMN1682;ATIVO
9BGXH19G07BMN1683;ATIVO
9BGXH19G07BMN1684;ATIVO
9BGXH19G07BMN1685;ATIVO
9BGXH19G07BMN1686;ATIVO
9BGXH19G07BMN1687;ATIVO
9BGXH19G07BMN1688;ATIVO
9BGXH19G07BMN1689;ATIVO
9BGXH19G07BMN1690;ATIVO
9BGXH19G07BMN1691;ATIVO
9BGXH19G07BMN1692;ATIVO
9BGXH19G07BMN1693;ATIVO
9BGXH19G07BMN1694;ATIVO
9BGXH19G07BMN1695;ATIVO
9BGXH19G07BMN1696;ATIVO
9BGXH19G07BMN1697;ATIVO
9BGXH19G07BMN1698;ATIVO
9BGXH19G07BMN1699;ATIVO
9BGXH19G07BMN1700;ATIVO
9BGXH19G07BMN1701;ATIVO
9BGXH19G07BMN1702;ATIVO
9BGXH19G07BMN1703;ATIVO
9BGXH19G07BMN1704;ATIVO
9BGXH19G07BMN1705;ATIVO
9BGXH19G07BMN1706;ATIVO
9BGXH19G07BMN1707;ATIVO
9BGXH19G07BMN1708;ATIVO
9BGXH19G07BMN1709;ATIVO
9BGXH19G07BMN1710;ATIVO
9BGXH19G07BMN1711;ATIVO
9BGXH19G07BMN1712;ATIVO
9BGXH19G07BMN1713;ATIVO
9BGXH19G07BMN1714;ATIVO
9BGXH19G07BMN1715;ATIVO
9BGXH19G07BMN1716;ATIVO
9BGXH19G07BMN1717;ATIVO
9BGXH19G07BMN1718;ATIVO
9BGXH19G07BMN1719;ATIVO
9BGXH19G07BMN1720;ATIVO
9BGXH19G07BMN1721;ATIVO
9BGXH19G07BMN1722;ATIVO
9BGXH19G07BMN1723;ATIVO
9BGXH19G07BMN1724;ATIVO
9BGXH19G07BMN1725;ATIVO
9BGXH19G07BMN1726;ATIVO
9BGXH19G07BMN1727;ATIVO
9BGXH19G07BMN1728;ATIVO
9BGXH19G07BMN1729;ATIVO
9BGXH19G07BMN1730;ATIVO
9BGXH19G07BMN1731;ATIVO
9BGXH19G07BMN1732;ATIVO
9BGXH19G07BMN1733;ATIVO
9BGXH19G07BMN1734;ATIVO
9BGXH19G07BMN1735;ATIVO
9BGXH19G07BMN1736;ATIVO
9BGXH19G07BMN1737;ATIVO
9BGXH19G07BMN1738;ATIVO
9BGXH19G07BMN1739;ATIVO
9BGXH19G07BMN1740;ATIVO
9BGXH19G07BMN1741;ATIVO
9BGXH19G07BMN1742;ATIVO
9BGXH19G07BMN1743;ATIVO
9BGXH19G07BMN1744;ATIVO
9BGXH19G07BMN1745;ATIVO
9BGXH19G07BMN1746;ATIVO
9BGXH19G07BMN1747;ATIVO
9BGXH19G07BMN1748;ATIVO
9BGXH19G07BMN1749;ATIVO
9BGXH19G07BMN1750;ATIVO
9BGXH19G07BMN1751;ATIVO
9BGXH19G07BMN1752;ATIVO
9BGXH19G07BMN1753;ATIVO
9BGXH19G07BMN1754;ATIVO
9BGXH19G07BMN1755;ATIVO
9BGXH19G07BMN1756;ATIVO
9BGXH19G07BMN1757;ATIVO
9BGXH19G07BMN1758;ATIVO
9BGXH19G07BMN1759;ATIVO
9BGXH19G07BMN1760;ATIVO
9BGXH19G07BMN1761;ATIVO
9BGXH19G07BMN1762;ATIVO
9BGXH19G07BMN1763;ATIVO
9BGXH19G07BMN1764;ATIVO
9BGXH19G07BMN1765;ATIVO
9BGXH19G07BMN1766;ATIVO
9BGXH19G07BMN1767;ATIVO
9BGXH19G07BMN1768;ATIVO
9BGXH19G07BMN1769;ATIVO
9BGXH19G07BMN1770;ATIVO
9BGXH19G07BMN1771;ATIVO
9BGXH19G07BMN1772;ATIVO
9BGXH19G07BMN1773;ATIVO
9BGXH19G07BMN1774;ATIVO
9BGXH19G07BMN1775;ATIVO
9BGXH19G07BMN1776;ATIVO
9BGXH19G07BMN1777;ATIVO
9BGXH19G07BMN1778;ATIVO
9BGXH19G07BMN1779;ATIVO
9BGXH19G07BMN1780;ATIVO
9BGXH19G07BMN1781;ATIVO
9BGXH19G07BMN1782;ATIVO
9BGXH19G07BMN1783;ATIVO
9BGXH19G07BMN1784;ATIVO
9BGXH19G07BMN1785;ATIVO
9BGXH19G07BMN1786;ATIVO
9BGXH19G07BMN1787;ATIVO
9BGXH19G07BMN1788;ATIVO
9BGXH19G07BMN1789;ATIVO
9BGXH19G07BMN1790;ATIVO
9BGXH19G07BMN1791;ATIVO
9BGXH19G07BMN1792;ATIVO
9BGXH19G07BMN1793;ATIVO
9BGXH19G07BMN1794;ATIVO
9BGXH19G07BMN1795;ATIVO
9BGXH19G07BMN1796;ATIVO
9BGXH19G07BMN1797;ATIVO
9BGXH19G07BMN1798;ATIVO
9BGXH19G07BMN1799;ATIVO
9BGXH19G07BMN1800;ATIVO
9BGXH19G07BMN1801;ATIVO
9BGXH19G07BMN1802;ATIVO
9BGXH19G07BMN1803;ATIVO
9BGXH19G07BMN1804;ATIVO
9BGXH19G07BMN1805;ATIVO
9BGXH19G07BMN1806;ATIVO
9BGXH19G07BMN1807;ATIVO
9BGXH19G07BMN1808;ATIVO
9BGXH19G07BMN1809;ATIVO
9BGXH19G07BMN1810;ATIVO
9BGXH19G07BMN1811;ATIVO
9BGXH19G07BMN1812;ATIVO
9BGXH19G07BMN1813;ATIVO
9BGXH19G07BMN1814;ATIVO
9BGXH19G07BMN1815;ATIVO
9BGXH19G07BMN1816;ATIVO
9BGXH19G07BMN1817;ATIVO
9BGXH19G07BMN1818;ATIVO
9BGXH19G07BMN1819;ATIVO
9BGXH19G07BMN1820;ATIVO
9BGXH19G07BMN1821;ATIVO
9BGXH19G07BMN1822;ATIVO
9BGXH19G07BMN1823;ATIVO
9BGXH19G07BMN1824;ATIVO
9BGXH19G07BMN1825;ATIVO
9BGXH19G07BMN1826;ATIVO
9BGXH19G07BMN1827;ATIVO
9BGXH19G07BMN1828;ATIVO
9BGXH19G07BMN1829;ATIVO
9BGXH19G07BMN1830;ATIVO
9BGXH19G07BMN1831;ATIVO
9BGXH19G07BMN1832;ATIVO
9BGXH19G07BMN1833;ATIVO
9BGXH19G07BMN1834;ATIVO
9BGXH19G07BMN1835;ATIVO
9BGXH19G07BMN1836;ATIVO
9BGXH19G07BMN1837;Baixa monitorada
9BGXH19G07BMN1838;ATIVO
9BGXH19G07BMN1839;ATIVO
9BGXH19G07BMN1840;ATIVO
9BGXH19G07BMN1841;Baixa monitorada
9BGXH19G07BMN1842;ATIVO
9BGXH19G07BMN1843;ATIVO
9BGXH19G07BMN1844;Baixa monitorada
9BGXH19G07BMN1845;Baixa monitorada
9BGXH19G07BMN1846;Baixa monitorada
9BGXH19G07BMN1847;Baixa monitorada
9BGXH19G07BMN1848;Baixa monitorada
9BGXH19G07BMN1849;Baixa monitorada
9BGXH19G07BMN1850;Baixa monitorada
9BGXH19G07BMN1851;Baixa monitorada
9BGXH19G07BMN1852;Baixa monitorada
9BGXH19G07BMN1853;Baixa monitorada
9BGXH19G07BMN1854;Baixa monitorada
9BGXH19G07BMN1855;Baixa monitorada
9BGXH19G07BMN1856;Baixa monitorada
9BGXH19G07BMN1857;Baixa monitorada
9BGXH19G07BMN1858;Baixa monitorada
9BGXH19G07BMN1859;Baixa monitorada
9BGXH19G07BMN1860;Baixa monitorada
9BGXH19G07BMN1861;Baixa monitorada
9BGXH19G07BMN1862;Baixa monitorada
9BGXH19G07BMN1863;Baixa monitorada
9BGXH19G07BMN1864;Baixa monitorada
9BGXH19G07BMN1865;Baixa monitorada
9BGXH19G07BMN1866;Baixa monitorada
9BGXH19G07BMN1867;Baixa monitorada
9BGXH19G07BMN1868;Baixa monitorada
9BGXH19G07BMN1869;ATIVO
9BGXH19G07BMN1870;ATIVO
9BGXH19G07BMN1871;ATIVO
9BGXH19G07BMN1872;ATIVO
9BGXH19G07BMN1873;ATIVO
9BGXH19G07BMN1874;ATIVO
9BGXH19G07BMN1875;ATIVO
9BGXH19G07BMN1876;ATIVO
9BGXH19G07BMN1877;ATIVO
9BGXH19G07BMN1878;ATIVO
9BGXH19G07BMN1879;ATIVO
9BGXH19G07BMN1880;ATIVO
9BGXH19G07BMN1881;ATIVO
9BGXH19G07BMN1882;ATIVO
9BGXH19G07BMN1883;ATIVO
9BGXH19G07BMN1884;ATIVO
9BGXH19G07BMN1885;ATIVO
9BGXH19G07BMN1886;ATIVO
9BGXH19G07BMN1887;ATIVO
9BGXH19G07BMN1888;ATIVO
9BGXH19G07BMN1889;ATIVO
9BGXH19G07BMN1890;ATIVO
9BGXH19G07BMN1891;ATIVO
9BGXH19G07BMN1892;ATIVO
9BGXH19G07BMN1893;ATIVO
9BGXH19G07BMN1894;ATIVO
9BGXH19G07BMN1895;ATIVO
9BGXH19G07BMN1896;ATIVO
9BGXH19G07BMN1897;ATIVO
9BGXH19G07BMN1898;ATIVO
9BGXH19G07BMN1899;ATIVO
9BGXH19G07BMN1900;ATIVO
9BGXH19G07BMN1901;ATIVO
9BGXH19G07BMN1902;ATIVO
9BGXH19G07BMN1903;ATIVO
9BGXH19G07BMN1904;ATIVO
9BGXH19G07BMN1905;ATIVO
9BGXH19G07BMN1906;ATIVO
9BGXH19G07BMN1907;ATIVO
9BGXH19G07BMN1908;ATIVO
9BGXH19G07BMN1909;ATIVO
9BGXH19G07BMN1910;ATIVO
9BGXH19G07BMN1911;ATIVO
9BGXH19G07BMN1912;ATIVO
9BGXH19G07BMN1913;ATIVO
9BGXH19G07BMN1914;ATIVO
9BGXH19G07BMN1915;ATIVO
9BGXH19G07BMN1916;ATIVO
9BGXH19G07BMN1917;ATIVO
9BGXH19G07BMN1918;ATIVO
9BGXH19G07BMN1919;ATIVO
9BGXH19G07BMN1920;Nenhum registro encontrado
9BGXH19G07BMN1921;ATIVO
9BGXH19G07BMN1922;ATIVO
9BGXH19G07BMN1923;ATIVO
9BGXH19G07BMN1924;ATIVO
9BGXH19G07BMN1925;ATIVO
9BGXH19G07BMN1926;ATIVO
9BGXH19G07BMN1927;ATIVO
9BGXH19G07BMN1928;ATIVO
9BGXH19G07BMN1929;ATIVO
9BGXH19G07BMN1930;ATIVO
9BGXH19G07BMN1931;ATIVO
9BGXH19G07BMN1932;ATIVO
9BGXH19G07BMN1933;ATIVO
9BGXH19G07BMN1934;ATIVO
9BGXH19G07BMN1935;ATIVO
9BGXH19G07BMN1936;ATIVO
9BGXH19G07BMN1937;ATIVO
9BGXH19G07BMN1938;ATIVO
9BGXH19G07BMN1939;ATIVO
9BGXH19G07BMN1940;ATIVO
9BGXH19G07BMN1941;ATIVO
9BGXH19G07BMN1942;ATIVO
9BGXH19G07BMN1943;ATIVO
9BGXH19G07BMN1944;ATIVO
9BGXH19G07BMN1945;ATIVO
9BGXH19G07BMN1946;ATIVO
9BGXH19G07BMN1947;ATIVO
9BGXH19G07BMN1948;ATIVO
9BGXH19G07BMN1949;ATIVO
9BGXH19G07BMN1950;ATIVO
9BGXH19G07BMN1951;ATIVO
9BGXH19G07BMN1952;ATIVO
9BGXH19G07BMN1953;ATIVO
9BGXH19G07BMN1954;ATIVO
9BGXH19G07BMN1955;ATIVO
9BGXH19G07BMN1956;ATIVO
9BGXH19G07BMN1957;ATIVO
9BGXH19G07BMN1958;ATIVO
9BGXH19G07BMN1959;ATIVO
9BGXH19G07BMN1960;ATIVO
9BGXH19G07BMN1961;ATIVO
9BGXH19G07BMN1962;ATIVO
9BGXH19G07BMN1963;ATIVO
9BGXH19G07BMN1964;ATIVO
9BGXH19G07BMN1965;ATIVO
9BGXH19G07BMN1966;ATIVO
9BGXH19G07BMN1967;ATIVO
9BGXH19G07BMN1968;ATIVO
9BGXH19G07BMN1969;ATIVO
9BGXH19G07BMN1970;ATIVO
9BGXH19G07BMN1971;ATIVO
9BGXH19G07BMN1972;ATIVO
9BGXH19G07BMN1973;ATIVO
9BGXH19G07BMN1974;ATIVO
9BGXH19G07BMN1975;ATIVO
9BGXH19G07BMN1976;ATIVO
9BGXH19G07BMN1977;ATIVO
9BGXH19G07BMN1978;ATIVO
9BGXH19G07BMN1979;ATIVO
9BGXH19G07BMN1980;ATIVO
9BGXH19G07BMN1981;ATIVO
9BGXH19G07BMN1982;ATIVO
9BGXH19G07BMN1983;ATIVO
9BGXH19G07BMN1984;ATIVO
9BGXH19G07BMN1985;ATIVO
9BGXH19G07BMN1986;ATIVO
9BGXH19G07BMN1987;ATIVO
9BGXH19G07BMN1988;ATIVO
9BGXH19G07BMN1989;ATIVO
9BGXH19G07BMN1990;ATIVO
9BGXH19G07BMN1991;ATIVO
9BGXH19G07BMN1992;ATIVO
9BGXH19G07BMN1993;ATIVO
9BGXH19G07BMN1994;ATIVO
9BGXH19G07BMN1995;ATIVO
9BGXH19G07BMN1996;ATIVO
9BGXH19G07BMN1997;ATIVO
9BGXH19G07BMN1998;Nenhum registro encontrado
9BGXH19G07BMN1999;Nenhum registro encontrado
9BGXH19G07BMN2000;Nenhum registro encontrado
