﻿coluna1;coluna2;coluna3;coluna4;coluna5;coluna6;coluna7
1;2;9BGXH19G07BMN1001;SP;BMN1001;379591685;ATIVO
2;2;9BGXH19G07BMN1002;SP;BMN1002;379591685;ATIVO
3;2;9BGXH19G07BMN1003;SP;BMN1003;379591685;ATIVO
4;2;9BGXH19G07BMN1004;SP;BMN1004;379591685;ATIVO
5;2;9BGXH19G07BMN1005;SP;BMN1005;379591685;ATIVO
6;2;9BGXH19G07BMN1006;SP;BMN1006;379591685;ATIVO
7;2;9BGXH19G07BMN1007;SP;BMN1007;379591685;ATIVO
8;2;9BGXH19G07BMN1008;SP;BMN1008;379591685;ATIVO
9;2;9BGXH19G07BMN1009;SP;BMN1009;379591685;ATIVO
10;2;9BGXH19G07BMN1010;SP;BMN1010;379591685;ATIVO
11;2;9BGXH19G07BMN1011;SP;BMN1011;379591685;ATIVO
12;2;9BGXH19G07BMN1012;SP;BMN1012;379591685;ATIVO
13;2;9BGXH19G07BMN1013;SP;BMN1013;379591685;ATIVO
14;2;9BGXH19G07BMN1014;SP;BMN1014;379591685;ATIVO
15;2;9BGXH19G07BMN1015;SP;BMN1015;379591685;ATIVO
16;2;9BGXH19G07BMN1016;SP;BMN1016;379591685;ATIVO
17;2;9BGXH19G07BMN1017;SP;BMN1017;379591685;ATIVO
18;2;9BGXH19G07BMN1018;SP;BMN1018;379591685;ATIVO
19;2;9BGXH19G07BMN1019;SP;BMN1019;379591685;ATIVO
20;2;9BGXH19G07BMN1020;SP;BMN1020;379591685;ATIVO
21;2;9BGXH19G07BMN1021;SP;BMN1021;379591685;ATIVO
22;2;9BGXH19G07BMN1022;SP;BMN1022;379591685;ATIVO
23;2;9BGXH19G07BMN1023;SP;BMN1023;379591685;ATIVO
24;2;9BGXH19G07BMN1024;SP;BMN1024;379591685;ATIVO
25;2;9BGXH19G07BMN1025;SP;BMN1025;379591685;ATIVO
26;2;9BGXH19G07BMN1026;SP;BMN1026;379591685;ATIVO
27;2;9BGXH19G07BMN1027;SP;BMN1027;379591685;ATIVO
28;2;9BGXH19G07BMN1028;SP;BMN1028;379591685;ATIVO
29;2;9BGXH19G07BMN1029;SP;BMN1029;379591685;ATIVO
30;2;9BGXH19G07BMN1030;SP;BMN1030;379591685;ATIVO
31;2;9BGXH19G07BMN1031;SP;BMN1031;379591685;ATIVO
32;2;9BGXH19G07BMN1032;SP;BMN1032;379591685;ATIVO
33;2;9BGXH19G07BMN1033;SP;BMN1033;379591685;ATIVO
34;2;9BGXH19G07BMN1034;SP;BMN1034;379591685;ATIVO
35;2;9BGXH19G07BMN1035;SP;BMN1035;379591685;ATIVO
36;2;9BGXH19G07BMN1036;SP;BMN1036;379591685;ATIVO
37;2;9BGXH19G07BMN1037;SP;BMN1037;379591685;ATIVO
38;2;9BGXH19G07BMN1038;SP;BMN1038;379591685;ATIVO
39;2;9BGXH19G07BMN1039;SP;BMN1039;379591685;ATIVO
40;2;9BGXH19G07BMN1040;SP;BMN1040;379591685;ATIVO
42;2;9BGXH19G07BMN1042;SP;BMN1042;379591685;ATIVO
43;2;9BGXH19G07BMN1043;SP;BMN1043;379591685;ATIVO
45;2;9BGXH19G07BMN1045;SP;BMN1045;379591685;ATIVO
46;2;9BGXH19G07BMN1046;SP;BMN1046;379591685;ATIVO
47;2;9BGXH19G07BMN1047;SP;BMN1047;379591685;ATIVO
48;2;9BGXH19G07BMN1048;SP;BMN1048;379591685;ATIVO
51;2;9BGXH19G07BMN1051;SP;BMN1051;379591685;ATIVO
56;2;9BGXH19G07BMN1056;SP;BMN1056;379591685;ATIVO
57;2;9BGXH19G07BMN1057;SP;BMN1057;379591685;ATIVO
58;2;9BGXH19G07BMN1058;SP;BMN1058;379591685;ATIVO
59;2;9BGXH19G07BMN1059;SP;BMN1059;379591685;ATIVO
60;2;9BGXH19G07BMN1060;SP;BMN1060;379591685;ATIVO
61;2;9BGXH19G07BMN1061;SP;BMN1061;379591685;ATIVO
62;2;9BGXH19G07BMN1062;SP;BMN1062;379591685;ATIVO
63;2;9BGXH19G07BMN1063;SP;BMN1063;379591685;ATIVO
64;2;9BGXH19G07BMN1064;SP;BMN1064;379591685;ATIVO
65;2;9BGXH19G07BMN1065;SP;BMN1065;379591685;ATIVO
66;2;9BGXH19G07BMN1066;SP;BMN1066;379591685;ATIVO
67;2;9BGXH19G07BMN1067;SP;BMN1067;379591685;ATIVO
68;2;9BGXH19G07BMN1068;SP;BMN1068;379591685;ATIVO
70;2;9BGXH19G07BMN1070;SP;BMN1070;379591685;ATIVO
74;2;9BGXH19G07BMN1074;SP;BMN1074;379591685;ATIVO
75;2;9BGXH19G07BMN1075;SP;BMN1075;379591685;ATIVO
76;2;9BGXH19G07BMN1076;SP;BMN1076;379591685;ATIVO
77;2;9BGXH19G07BMN1077;SP;BMN1077;379591685;ATIVO
78;2;9BGXH19G07BMN1078;SP;BMN1078;379591685;ATIVO
80;2;9BGXH19G07BMN1080;SP;BMN1080;379591685;ATIVO
81;2;9BGXH19G07BMN1081;SP;BMN1081;379591685;ATIVO
82;2;9BGXH19G07BMN1082;SP;BMN1082;379591685;ATIVO
83;2;9BGXH19G07BMN1083;SP;BMN1083;379591685;ATIVO
84;2;9BGXH19G07BMN1084;SP;BMN1084;379591685;ATIVO
87;2;9BGXH19G07BMN1087;SP;BMN1087;379591685;ATIVO
88;2;9BGXH19G07BMN1088;SP;BMN1088;379591685;ATIVO
89;2;9BGXH19G07BMN1089;SP;BMN1089;379591685;ATIVO
90;2;9BGXH19G07BMN1090;SP;BMN1090;379591685;ATIVO
91;2;9BGXH19G07BMN1091;SP;BMN1091;379591685;ATIVO
92;2;9BGXH19G07BMN1092;SP;BMN1092;379591685;ATIVO
93;2;9BGXH19G07BMN1093;SP;BMN1093;379591685;ATIVO
94;2;9BGXH19G07BMN1094;SP;BMN1094;379591685;ATIVO
95;2;9BGXH19G07BMN1095;SP;BMN1095;379591685;ATIVO
96;2;9BGXH19G07BMN1096;SP;BMN1096;379591685;ATIVO
97;2;9BGXH19G07BMN1097;SP;BMN1097;379591685;ATIVO
99;2;9BGXH19G07BMN1099;SP;BMN1099;379591685;ATIVO
101;2;9BGXH19G07BMN1101;SP;BMN1101;379591685;ATIVO
102;2;9BGXH19G07BMN1102;SP;BMN1102;379591685;ATIVO
103;2;9BGXH19G07BMN1103;SP;BMN1103;379591685;ATIVO
104;2;9BGXH19G07BMN1104;SP;BMN1104;379591685;ATIVO
105;2;9BGXH19G07BMN1105;SP;BMN1105;379591685;ATIVO
106;2;9BGXH19G07BMN1106;SP;BMN1106;379591685;ATIVO
107;2;9BGXH19G07BMN1107;SP;BMN1107;379591685;ATIVO
108;2;9BGXH19G07BMN1108;SP;BMN1108;379591685;ATIVO
109;2;9BGXH19G07BMN1109;SP;BMN1109;379591685;ATIVO
110;2;9BGXH19G07BMN1110;SP;BMN1110;379591685;ATIVO
111;2;9BGXH19G07BMN1111;SP;BMN1111;379591685;ATIVO
112;2;9BGXH19G07BMN1112;SP;BMN1112;379591685;ATIVO
113;2;9BGXH19G07BMN1113;SP;BMN1113;379591685;ATIVO
114;2;9BGXH19G07BMN1114;SP;BMN1114;379591685;ATIVO
115;2;9BGXH19G07BMN1115;SP;BMN1115;379591685;ATIVO
116;2;9BGXH19G07BMN1116;SP;BMN1116;379591685;ATIVO
117;2;9BGXH19G07BMN1117;SP;BMN1117;379591685;ATIVO
118;2;9BGXH19G07BMN1118;SP;BMN1118;379591685;ATIVO
119;2;9BGXH19G07BMN1119;SP;BMN1119;379591685;ATIVO
120;2;9BGXH19G07BMN1120;SP;BMN1120;379591685;ATIVO
121;2;9BGXH19G07BMN1121;SP;BMN1121;379591685;ATIVO
122;2;9BGXH19G07BMN1122;SP;BMN1122;379591685;ATIVO
123;2;9BGXH19G07BMN1123;SP;BMN1123;379591685;ATIVO
124;2;9BGXH19G07BMN1124;SP;BMN1124;379591685;ATIVO
125;2;9BGXH19G07BMN1125;SP;BMN1125;379591685;ATIVO
126;2;9BGXH19G07BMN1126;SP;BMN1126;379591685;ATIVO
127;2;9BGXH19G07BMN1127;SP;BMN1127;379591685;ATIVO
128;2;9BGXH19G07BMN1128;SP;BMN1128;379591685;ATIVO
129;2;9BGXH19G07BMN1129;SP;BMN1129;379591685;ATIVO
130;2;9BGXH19G07BMN1130;SP;BMN1130;379591685;ATIVO
131;2;9BGXH19G07BMN1131;SP;BMN1131;379591685;ATIVO
132;2;9BGXH19G07BMN1132;SP;BMN1132;379591685;ATIVO
133;2;9BGXH19G07BMN1133;SP;BMN1133;379591685;ATIVO
134;2;9BGXH19G07BMN1134;SP;BMN1134;379591685;ATIVO
135;2;9BGXH19G07BMN1135;SP;BMN1135;379591685;ATIVO
136;2;9BGXH19G07BMN1136;SP;BMN1136;379591685;ATIVO
137;2;9BGXH19G07BMN1137;SP;BMN1137;379591685;ATIVO
138;2;9BGXH19G07BMN1138;SP;BMN1138;379591685;ATIVO
139;2;9BGXH19G07BMN1139;SP;BMN1139;379591685;ATIVO
140;2;9BGXH19G07BMN1140;SP;BMN1140;379591685;ATIVO
141;2;9BGXH19G07BMN1141;SP;BMN1141;379591685;ATIVO
142;2;9BGXH19G07BMN1142;SP;BMN1142;379591685;ATIVO
143;2;9BGXH19G07BMN1143;SP;BMN1143;379591685;ATIVO
144;2;9BGXH19G07BMN1144;SP;BMN1144;379591685;ATIVO
145;2;9BGXH19G07BMN1145;SP;BMN1145;379591685;ATIVO
146;2;9BGXH19G07BMN1146;SP;BMN1146;379591685;ATIVO
147;2;9BGXH19G07BMN1147;SP;BMN1147;379591685;ATIVO
148;2;9BGXH19G07BMN1148;SP;BMN1148;379591685;ATIVO
149;2;9BGXH19G07BMN1149;SP;BMN1149;379591685;ATIVO
150;2;9BGXH19G07BMN1150;SP;BMN1150;379591685;ATIVO
151;2;9BGXH19G07BMN1151;SP;BMN1151;379591685;ATIVO
152;2;9BGXH19G07BMN1152;SP;BMN1152;379591685;ATIVO
153;2;9BGXH19G07BMN1153;SP;BMN1153;379591685;ATIVO
154;2;9BGXH19G07BMN1154;SP;BMN1154;379591685;ATIVO
155;2;9BGXH19G07BMN1155;SP;BMN1155;379591685;ATIVO
156;2;9BGXH19G07BMN1156;SP;BMN1156;379591685;ATIVO
157;2;9BGXH19G07BMN1157;SP;BMN1157;379591685;ATIVO
158;2;9BGXH19G07BMN1158;SP;BMN1158;379591685;ATIVO
159;2;9BGXH19G07BMN1159;SP;BMN1159;379591685;ATIVO
160;2;9BGXH19G07BMN1160;SP;BMN1160;379591685;ATIVO
161;2;9BGXH19G07BMN1161;SP;BMN1161;379591685;ATIVO
162;2;9BGXH19G07BMN1162;SP;BMN1162;379591685;ATIVO
163;2;9BGXH19G07BMN1163;SP;BMN1163;379591685;ATIVO
164;2;9BGXH19G07BMN1164;SP;BMN1164;379591685;ATIVO
165;2;9BGXH19G07BMN1165;SP;BMN1165;379591685;ATIVO
166;2;9BGXH19G07BMN1166;SP;BMN1166;379591685;ATIVO
167;2;9BGXH19G07BMN1167;SP;BMN1167;379591685;ATIVO
168;2;9BGXH19G07BMN1168;SP;BMN1168;379591685;ATIVO
169;2;9BGXH19G07BMN1169;SP;BMN1169;379591685;ATIVO
170;2;9BGXH19G07BMN1170;SP;BMN1170;379591685;ATIVO
171;2;9BGXH19G07BMN1171;SP;BMN1171;379591685;ATIVO
172;2;9BGXH19G07BMN1172;SP;BMN1172;379591685;ATIVO
173;2;9BGXH19G07BMN1173;SP;BMN1173;379591685;ATIVO
174;2;9BGXH19G07BMN1174;SP;BMN1174;379591685;ATIVO
175;2;9BGXH19G07BMN1175;SP;BMN1175;379591685;ATIVO
176;2;9BGXH19G07BMN1176;SP;BMN1176;379591685;ATIVO
177;2;9BGXH19G07BMN1177;SP;BMN1177;379591685;ATIVO
178;2;9BGXH19G07BMN1178;SP;BMN1178;379591685;ATIVO
179;2;9BGXH19G07BMN1179;SP;BMN1179;379591685;ATIVO
180;2;9BGXH19G07BMN1180;SP;BMN1180;379591685;ATIVO
181;2;9BGXH19G07BMN1181;SP;BMN1181;379591685;ATIVO
182;2;9BGXH19G07BMN1182;SP;BMN1182;379591685;ATIVO
183;2;9BGXH19G07BMN1183;SP;BMN1183;379591685;ATIVO
184;2;9BGXH19G07BMN1184;SP;BMN1184;379591685;ATIVO
185;2;9BGXH19G07BMN1185;SP;BMN1185;379591685;ATIVO
186;2;9BGXH19G07BMN1186;SP;BMN1186;379591685;ATIVO
187;2;9BGXH19G07BMN1187;SP;BMN1187;379591685;ATIVO
188;2;9BGXH19G07BMN1188;SP;BMN1188;379591685;ATIVO
189;2;9BGXH19G07BMN1189;SP;BMN1189;379591685;ATIVO
190;2;9BGXH19G07BMN1190;SP;BMN1190;379591685;ATIVO
191;2;9BGXH19G07BMN1191;SP;BMN1191;379591685;ATIVO
192;2;9BGXH19G07BMN1192;SP;BMN1192;379591685;ATIVO
193;2;9BGXH19G07BMN1193;SP;BMN1193;379591685;ATIVO
194;2;9BGXH19G07BMN1194;SP;BMN1194;379591685;ATIVO
195;2;9BGXH19G07BMN1195;SP;BMN1195;379591685;ATIVO
196;2;9BGXH19G07BMN1196;SP;BMN1196;379591685;ATIVO
197;2;9BGXH19G07BMN1197;SP;BMN1197;379591685;ATIVO
198;2;9BGXH19G07BMN1198;SP;BMN1198;379591685;ATIVO
199;2;9BGXH19G07BMN1199;SP;BMN1199;379591685;ATIVO
200;2;9BGXH19G07BMN1200;SP;BMN1200;379591685;ATIVO
201;2;9BGXH19G07BMN1201;SP;BMN1201;379591685;ATIVO
202;2;9BGXH19G07BMN1202;SP;BMN1202;379591685;ATIVO
203;2;9BGXH19G07BMN1203;SP;BMN1203;379591685;ATIVO
204;2;9BGXH19G07BMN1204;SP;BMN1204;379591685;ATIVO
205;2;9BGXH19G07BMN1205;SP;BMN1205;379591685;ATIVO
206;2;9BGXH19G07BMN1206;SP;BMN1206;379591685;ATIVO
207;2;9BGXH19G07BMN1207;SP;BMN1207;379591685;ATIVO
208;2;9BGXH19G07BMN1208;SP;BMN1208;379591685;ATIVO
209;2;9BGXH19G07BMN1209;SP;BMN1209;379591685;ATIVO
210;2;9BGXH19G07BMN1210;SP;BMN1210;379591685;ATIVO
211;2;9BGXH19G07BMN1211;SP;BMN1211;379591685;ATIVO
212;2;9BGXH19G07BMN1212;SP;BMN1212;379591685;ATIVO
213;2;9BGXH19G07BMN1213;SP;BMN1213;379591685;ATIVO
214;2;9BGXH19G07BMN1214;SP;BMN1214;379591685;ATIVO
215;2;9BGXH19G07BMN1215;SP;BMN1215;379591685;ATIVO
216;2;9BGXH19G07BMN1216;SP;BMN1216;379591685;ATIVO
217;2;9BGXH19G07BMN1217;SP;BMN1217;379591685;ATIVO
218;2;9BGXH19G07BMN1218;SP;BMN1218;379591685;ATIVO
219;2;9BGXH19G07BMN1219;SP;BMN1219;379591685;ATIVO
220;2;9BGXH19G07BMN1220;SP;BMN1220;379591685;ATIVO
221;2;9BGXH19G07BMN1221;SP;BMN1221;379591685;ATIVO
222;2;9BGXH19G07BMN1222;SP;BMN1222;379591685;ATIVO
223;2;9BGXH19G07BMN1223;SP;BMN1223;379591685;ATIVO
224;2;9BGXH19G07BMN1224;SP;BMN1224;379591685;ATIVO
225;2;9BGXH19G07BMN1225;SP;BMN1225;379591685;ATIVO
226;2;9BGXH19G07BMN1226;SP;BMN1226;379591685;ATIVO
227;2;9BGXH19G07BMN1227;SP;BMN1227;379591685;ATIVO
228;2;9BGXH19G07BMN1228;SP;BMN1228;379591685;ATIVO
229;2;9BGXH19G07BMN1229;SP;BMN1229;379591685;ATIVO
230;2;9BGXH19G07BMN1230;SP;BMN1230;379591685;ATIVO
231;2;9BGXH19G07BMN1231;SP;BMN1231;379591685;ATIVO
232;2;9BGXH19G07BMN1232;SP;BMN1232;379591685;ATIVO
233;2;9BGXH19G07BMN1233;SP;BMN1233;379591685;ATIVO
234;2;9BGXH19G07BMN1234;SP;BMN1234;379591685;ATIVO
235;2;9BGXH19G07BMN1235;SP;BMN1235;379591685;ATIVO
236;2;9BGXH19G07BMN1236;SP;BMN1236;379591685;ATIVO
237;2;9BGXH19G07BMN1237;SP;BMN1237;379591685;ATIVO
238;2;9BGXH19G07BMN1238;SP;BMN1238;379591685;ATIVO
239;2;9BGXH19G07BMN1239;SP;BMN1239;379591685;ATIVO
240;2;9BGXH19G07BMN1240;SP;BMN1240;379591685;ATIVO
241;2;9BGXH19G07BMN1241;SP;BMN1241;379591685;ATIVO
242;2;9BGXH19G07BMN1242;SP;BMN1242;379591685;ATIVO
243;2;9BGXH19G07BMN1243;SP;BMN1243;379591685;ATIVO
244;2;9BGXH19G07BMN1244;SP;BMN1244;379591685;ATIVO
245;2;9BGXH19G07BMN1245;SP;BMN1245;379591685;ATIVO
246;2;9BGXH19G07BMN1246;SP;BMN1246;379591685;ATIVO
247;2;9BGXH19G07BMN1247;SP;BMN1247;379591685;ATIVO
248;2;9BGXH19G07BMN1248;SP;BMN1248;379591685;ATIVO
249;2;9BGXH19G07BMN1249;SP;BMN1249;379591685;ATIVO
250;2;9BGXH19G07BMN1250;SP;BMN1250;379591685;ATIVO
251;2;9BGXH19G07BMN1251;SP;BMN1251;379591685;ATIVO
252;2;9BGXH19G07BMN1252;SP;BMN1252;379591685;ATIVO
253;2;9BGXH19G07BMN1253;SP;BMN1253;379591685;ATIVO
254;2;9BGXH19G07BMN1254;SP;BMN1254;379591685;ATIVO
255;2;9BGXH19G07BMN1255;SP;BMN1255;379591685;ATIVO
256;2;9BGXH19G07BMN1256;SP;BMN1256;379591685;ATIVO
257;2;9BGXH19G07BMN1257;SP;BMN1257;379591685;ATIVO
258;2;9BGXH19G07BMN1258;SP;BMN1258;379591685;ATIVO
259;2;9BGXH19G07BMN1259;SP;BMN1259;379591685;ATIVO
260;2;9BGXH19G07BMN1260;SP;BMN1260;379591685;ATIVO
261;2;9BGXH19G07BMN1261;SP;BMN1261;379591685;ATIVO
262;2;9BGXH19G07BMN1262;SP;BMN1262;379591685;ATIVO
263;2;9BGXH19G07BMN1263;SP;BMN1263;379591685;ATIVO
264;2;9BGXH19G07BMN1264;SP;BMN1264;379591685;ATIVO
265;2;9BGXH19G07BMN1265;SP;BMN1265;379591685;ATIVO
266;2;9BGXH19G07BMN1266;SP;BMN1266;379591685;ATIVO
267;2;9BGXH19G07BMN1267;SP;BMN1267;379591685;ATIVO
268;2;9BGXH19G07BMN1268;SP;BMN1268;379591685;ATIVO
269;2;9BGXH19G07BMN1269;SP;BMN1269;379591685;ATIVO
270;2;9BGXH19G07BMN1270;SP;BMN1270;379591685;ATIVO
271;2;9BGXH19G07BMN1271;SP;BMN1271;379591685;ATIVO
272;2;9BGXH19G07BMN1272;SP;BMN1272;379591685;ATIVO
273;2;9BGXH19G07BMN1273;SP;BMN1273;379591685;ATIVO
274;2;9BGXH19G07BMN1274;SP;BMN1274;379591685;ATIVO
275;2;9BGXH19G07BMN1275;SP;BMN1275;379591685;ATIVO
276;2;9BGXH19G07BMN1276;SP;BMN1276;379591685;ATIVO
277;2;9BGXH19G07BMN1277;SP;BMN1277;379591685;ATIVO
278;2;9BGXH19G07BMN1278;SP;BMN1278;379591685;ATIVO
279;2;9BGXH19G07BMN1279;SP;BMN1279;379591685;ATIVO
280;2;9BGXH19G07BMN1280;SP;BMN1280;379591685;ATIVO
281;2;9BGXH19G07BMN1281;SP;BMN1281;379591685;ATIVO
282;2;9BGXH19G07BMN1282;SP;BMN1282;379591685;ATIVO
283;2;9BGXH19G07BMN1283;SP;BMN1283;379591685;ATIVO
284;2;9BGXH19G07BMN1284;SP;BMN1284;379591685;ATIVO
285;2;9BGXH19G07BMN1285;SP;BMN1285;379591685;ATIVO
286;2;9BGXH19G07BMN1286;SP;BMN1286;379591685;ATIVO
287;2;9BGXH19G07BMN1287;SP;BMN1287;379591685;ATIVO
288;2;9BGXH19G07BMN1288;SP;BMN1288;379591685;ATIVO
289;2;9BGXH19G07BMN1289;SP;BMN1289;379591685;ATIVO
290;2;9BGXH19G07BMN1290;SP;BMN1290;379591685;ATIVO
291;2;9BGXH19G07BMN1291;SP;BMN1291;379591685;ATIVO
292;2;9BGXH19G07BMN1292;SP;BMN1292;379591685;ATIVO
293;2;9BGXH19G07BMN1293;SP;BMN1293;379591685;ATIVO
294;2;9BGXH19G07BMN1294;SP;BMN1294;379591685;ATIVO
295;2;9BGXH19G07BMN1295;SP;BMN1295;379591685;ATIVO
296;2;9BGXH19G07BMN1296;SP;BMN1296;379591685;ATIVO
297;2;9BGXH19G07BMN1297;SP;BMN1297;379591685;ATIVO
298;2;9BGXH19G07BMN1298;SP;BMN1298;379591685;ATIVO
299;2;9BGXH19G07BMN1299;SP;BMN1299;379591685;ATIVO
300;2;9BGXH19G07BMN1300;SP;BMN1300;379591685;ATIVO
301;2;9BGXH19G07BMN1301;SP;BMN1301;379591685;ATIVO
302;2;9BGXH19G07BMN1302;SP;BMN1302;379591685;ATIVO
303;2;9BGXH19G07BMN1303;SP;BMN1303;379591685;ATIVO
304;2;9BGXH19G07BMN1304;SP;BMN1304;379591685;ATIVO
305;2;9BGXH19G07BMN1305;SP;BMN1305;379591685;ATIVO
306;2;9BGXH19G07BMN1306;SP;BMN1306;379591685;ATIVO
307;2;9BGXH19G07BMN1307;SP;BMN1307;379591685;ATIVO
308;2;9BGXH19G07BMN1308;SP;BMN1308;379591685;ATIVO
309;2;9BGXH19G07BMN1309;SP;BMN1309;379591685;ATIVO
310;2;9BGXH19G07BMN1310;SP;BMN1310;379591685;ATIVO
311;2;9BGXH19G07BMN1311;SP;BMN1311;379591685;ATIVO
312;2;9BGXH19G07BMN1312;SP;BMN1312;379591685;ATIVO
313;2;9BGXH19G07BMN1313;SP;BMN1313;379591685;ATIVO
314;2;9BGXH19G07BMN1314;SP;BMN1314;379591685;ATIVO
315;2;9BGXH19G07BMN1315;SP;BMN1315;379591685;ATIVO
316;2;9BGXH19G07BMN1316;SP;BMN1316;379591685;ATIVO
317;2;9BGXH19G07BMN1317;SP;BMN1317;379591685;ATIVO
318;2;9BGXH19G07BMN1318;SP;BMN1318;379591685;ATIVO
319;2;9BGXH19G07BMN1319;SP;BMN1319;379591685;ATIVO
320;2;9BGXH19G07BMN1320;SP;BMN1320;379591685;ATIVO
321;2;9BGXH19G07BMN1321;SP;BMN1321;379591685;ATIVO
322;2;9BGXH19G07BMN1322;SP;BMN1322;379591685;ATIVO
323;2;9BGXH19G07BMN1323;SP;BMN1323;379591685;ATIVO
324;2;9BGXH19G07BMN1324;SP;BMN1324;379591685;ATIVO
325;2;9BGXH19G07BMN1325;SP;BMN1325;379591685;ATIVO
326;2;9BGXH19G07BMN1326;SP;BMN1326;379591685;ATIVO
327;2;9BGXH19G07BMN1327;SP;BMN1327;379591685;ATIVO
328;2;9BGXH19G07BMN1328;SP;BMN1328;379591685;ATIVO
329;2;9BGXH19G07BMN1329;SP;BMN1329;379591685;ATIVO
330;2;9BGXH19G07BMN1330;SP;BMN1330;379591685;ATIVO
331;2;9BGXH19G07BMN1331;SP;BMN1331;379591685;ATIVO
332;2;9BGXH19G07BMN1332;SP;BMN1332;379591685;ATIVO
333;2;9BGXH19G07BMN1333;SP;BMN1333;379591685;ATIVO
334;2;9BGXH19G07BMN1334;SP;BMN1334;379591685;ATIVO
335;2;9BGXH19G07BMN1335;SP;BMN1335;379591685;ATIVO
336;2;9BGXH19G07BMN1336;SP;BMN1336;379591685;ATIVO
337;2;9BGXH19G07BMN1337;SP;BMN1337;379591685;ATIVO
338;2;9BGXH19G07BMN1338;SP;BMN1338;379591685;ATIVO
339;2;9BGXH19G07BMN1339;SP;BMN1339;379591685;ATIVO
340;2;9BGXH19G07BMN1340;SP;BMN1340;379591685;ATIVO
341;2;9BGXH19G07BMN1341;SP;BMN1341;379591685;ATIVO
342;2;9BGXH19G07BMN1342;SP;BMN1342;379591685;ATIVO
343;2;9BGXH19G07BMN1343;SP;BMN1343;379591685;ATIVO
344;2;9BGXH19G07BMN1344;SP;BMN1344;379591685;ATIVO
345;2;9BGXH19G07BMN1345;SP;BMN1345;379591685;ATIVO
346;2;9BGXH19G07BMN1346;SP;BMN1346;379591685;ATIVO
347;2;9BGXH19G07BMN1347;SP;BMN1347;379591685;ATIVO
348;2;9BGXH19G07BMN1348;SP;BMN1348;379591685;ATIVO
349;2;9BGXH19G07BMN1349;SP;BMN1349;379591685;ATIVO
350;2;9BGXH19G07BMN1350;SP;BMN1350;379591685;ATIVO
351;2;9BGXH19G07BMN1351;SP;BMN1351;379591685;ATIVO
352;2;9BGXH19G07BMN1352;SP;BMN1352;379591685;ATIVO
353;2;9BGXH19G07BMN1353;SP;BMN1353;379591685;ATIVO
354;2;9BGXH19G07BMN1354;SP;BMN1354;379591685;ATIVO
355;2;9BGXH19G07BMN1355;SP;BMN1355;379591685;ATIVO
356;2;9BGXH19G07BMN1356;SP;BMN1356;379591685;ATIVO
357;2;9BGXH19G07BMN1357;SP;BMN1357;379591685;ATIVO
358;2;9BGXH19G07BMN1358;SP;BMN1358;379591685;ATIVO
359;2;9BGXH19G07BMN1359;SP;BMN1359;379591685;ATIVO
360;2;9BGXH19G07BMN1360;SP;BMN1360;379591685;ATIVO
361;2;9BGXH19G07BMN1361;SP;BMN1361;379591685;ATIVO
362;2;9BGXH19G07BMN1362;SP;BMN1362;379591685;ATIVO
363;2;9BGXH19G07BMN1363;SP;BMN1363;379591685;ATIVO
364;2;9BGXH19G07BMN1364;SP;BMN1364;379591685;ATIVO
365;2;9BGXH19G07BMN1365;SP;BMN1365;379591685;ATIVO
366;2;9BGXH19G07BMN1366;SP;BMN1366;379591685;ATIVO
367;2;9BGXH19G07BMN1367;SP;BMN1367;379591685;ATIVO
368;2;9BGXH19G07BMN1368;SP;BMN1368;379591685;ATIVO
369;2;9BGXH19G07BMN1369;SP;BMN1369;379591685;ATIVO
370;2;9BGXH19G07BMN1370;SP;BMN1370;379591685;ATIVO
371;2;9BGXH19G07BMN1371;SP;BMN1371;379591685;ATIVO
372;2;9BGXH19G07BMN1372;SP;BMN1372;379591685;ATIVO
373;2;9BGXH19G07BMN1373;SP;BMN1373;379591685;ATIVO
374;2;9BGXH19G07BMN1374;SP;BMN1374;379591685;ATIVO
375;2;9BGXH19G07BMN1375;SP;BMN1375;379591685;ATIVO
376;2;9BGXH19G07BMN1376;SP;BMN1376;379591685;ATIVO
377;2;9BGXH19G07BMN1377;SP;BMN1377;379591685;ATIVO
378;2;9BGXH19G07BMN1378;SP;BMN1378;379591685;ATIVO
379;2;9BGXH19G07BMN1379;SP;BMN1379;379591685;ATIVO
380;2;9BGXH19G07BMN1380;SP;BMN1380;379591685;ATIVO
381;2;9BGXH19G07BMN1381;SP;BMN1381;379591685;ATIVO
382;2;9BGXH19G07BMN1382;SP;BMN1382;379591685;ATIVO
383;2;9BGXH19G07BMN1383;SP;BMN1383;379591685;ATIVO
384;2;9BGXH19G07BMN1384;SP;BMN1384;379591685;ATIVO
385;2;9BGXH19G07BMN1385;SP;BMN1385;379591685;ATIVO
386;2;9BGXH19G07BMN1386;SP;BMN1386;379591685;ATIVO
387;2;9BGXH19G07BMN1387;SP;BMN1387;379591685;ATIVO
388;2;9BGXH19G07BMN1388;SP;BMN1388;379591685;ATIVO
389;2;9BGXH19G07BMN1389;SP;BMN1389;379591685;ATIVO
390;2;9BGXH19G07BMN1390;SP;BMN1390;379591685;ATIVO
391;2;9BGXH19G07BMN1391;SP;BMN1391;379591685;ATIVO
392;2;9BGXH19G07BMN1392;SP;BMN1392;379591685;ATIVO
393;2;9BGXH19G07BMN1393;SP;BMN1393;379591685;ATIVO
394;2;9BGXH19G07BMN1394;SP;BMN1394;379591685;ATIVO
395;2;9BGXH19G07BMN1395;SP;BMN1395;379591685;ATIVO
396;2;9BGXH19G07BMN1396;SP;BMN1396;379591685;ATIVO
397;2;9BGXH19G07BMN1397;SP;BMN1397;379591685;ATIVO
398;2;9BGXH19G07BMN1398;SP;BMN1398;379591685;ATIVO
399;2;9BGXH19G07BMN1399;SP;BMN1399;379591685;ATIVO
400;2;9BGXH19G07BMN1400;SP;BMN1400;379591685;ATIVO
401;2;9BGXH19G07BMN1401;SP;BMN1401;379591685;ATIVO
402;2;9BGXH19G07BMN1402;SP;BMN1402;379591685;ATIVO
403;2;9BGXH19G07BMN1403;SP;BMN1403;379591685;ATIVO
404;2;9BGXH19G07BMN1404;SP;BMN1404;379591685;ATIVO
405;2;9BGXH19G07BMN1405;SP;BMN1405;379591685;ATIVO
406;2;9BGXH19G07BMN1406;SP;BMN1406;379591685;ATIVO
407;2;9BGXH19G07BMN1407;SP;BMN1407;379591685;ATIVO
408;2;9BGXH19G07BMN1408;SP;BMN1408;379591685;ATIVO
409;2;9BGXH19G07BMN1409;SP;BMN1409;379591685;ATIVO
410;2;9BGXH19G07BMN1410;SP;BMN1410;379591685;ATIVO
411;2;9BGXH19G07BMN1411;SP;BMN1411;379591685;ATIVO
412;2;9BGXH19G07BMN1412;SP;BMN1412;379591685;ATIVO
413;2;9BGXH19G07BMN1413;SP;BMN1413;379591685;ATIVO
414;2;9BGXH19G07BMN1414;SP;BMN1414;379591685;ATIVO
415;2;9BGXH19G07BMN1415;SP;BMN1415;379591685;ATIVO
416;2;9BGXH19G07BMN1416;SP;BMN1416;379591685;ATIVO
417;2;9BGXH19G07BMN1417;SP;BMN1417;379591685;ATIVO
418;2;9BGXH19G07BMN1418;SP;BMN1418;379591685;ATIVO
419;2;9BGXH19G07BMN1419;SP;BMN1419;379591685;ATIVO
420;2;9BGXH19G07BMN1420;SP;BMN1420;379591685;ATIVO
421;2;9BGXH19G07BMN1421;SP;BMN1421;379591685;ATIVO
422;2;9BGXH19G07BMN1422;SP;BMN1422;379591685;ATIVO
423;2;9BGXH19G07BMN1423;SP;BMN1423;379591685;ATIVO
424;2;9BGXH19G07BMN1424;SP;BMN1424;379591685;ATIVO
425;2;9BGXH19G07BMN1425;SP;BMN1425;379591685;ATIVO
426;2;9BGXH19G07BMN1426;SP;BMN1426;379591685;ATIVO
427;2;9BGXH19G07BMN1427;SP;BMN1427;379591685;ATIVO
428;2;9BGXH19G07BMN1428;SP;BMN1428;379591685;ATIVO
429;2;9BGXH19G07BMN1429;SP;BMN1429;379591685;ATIVO
430;2;9BGXH19G07BMN1430;SP;BMN1430;379591685;ATIVO
431;2;9BGXH19G07BMN1431;SP;BMN1431;379591685;ATIVO
432;2;9BGXH19G07BMN1432;SP;BMN1432;379591685;ATIVO
433;2;9BGXH19G07BMN1433;SP;BMN1433;379591685;ATIVO
434;2;9BGXH19G07BMN1434;SP;BMN1434;379591685;ATIVO
435;2;9BGXH19G07BMN1435;SP;BMN1435;379591685;ATIVO
436;2;9BGXH19G07BMN1436;SP;BMN1436;379591685;ATIVO
437;2;9BGXH19G07BMN1437;SP;BMN1437;379591685;ATIVO
438;2;9BGXH19G07BMN1438;SP;BMN1438;379591685;ATIVO
439;2;9BGXH19G07BMN1439;SP;BMN1439;379591685;ATIVO
440;2;9BGXH19G07BMN1440;SP;BMN1440;379591685;ATIVO
441;2;9BGXH19G07BMN1441;SP;BMN1441;379591685;ATIVO
442;2;9BGXH19G07BMN1442;SP;BMN1442;379591685;ATIVO
443;2;9BGXH19G07BMN1443;SP;BMN1443;379591685;ATIVO
444;2;9BGXH19G07BMN1444;SP;BMN1444;379591685;ATIVO
445;2;9BGXH19G07BMN1445;SP;BMN1445;379591685;ATIVO
446;2;9BGXH19G07BMN1446;SP;BMN1446;379591685;ATIVO
447;2;9BGXH19G07BMN1447;SP;BMN1447;379591685;ATIVO
448;2;9BGXH19G07BMN1448;SP;BMN1448;379591685;ATIVO
449;2;9BGXH19G07BMN1449;SP;BMN1449;379591685;ATIVO
450;2;9BGXH19G07BMN1450;SP;BMN1450;379591685;ATIVO
451;2;9BGXH19G07BMN1451;SP;BMN1451;379591685;ATIVO
452;2;9BGXH19G07BMN1452;SP;BMN1452;379591685;ATIVO
453;2;9BGXH19G07BMN1453;SP;BMN1453;379591685;ATIVO
454;2;9BGXH19G07BMN1454;SP;BMN1454;379591685;ATIVO
455;2;9BGXH19G07BMN1455;SP;BMN1455;379591685;ATIVO
456;2;9BGXH19G07BMN1456;SP;BMN1456;379591685;ATIVO
457;2;9BGXH19G07BMN1457;SP;BMN1457;379591685;ATIVO
458;2;9BGXH19G07BMN1458;SP;BMN1458;379591685;ATIVO
459;2;9BGXH19G07BMN1459;SP;BMN1459;379591685;ATIVO
460;2;9BGXH19G07BMN1460;SP;BMN1460;379591685;ATIVO
461;2;9BGXH19G07BMN1461;SP;BMN1461;379591685;ATIVO
462;2;9BGXH19G07BMN1462;SP;BMN1462;379591685;ATIVO
463;2;9BGXH19G07BMN1463;SP;BMN1463;379591685;ATIVO
464;2;9BGXH19G07BMN1464;SP;BMN1464;379591685;ATIVO
465;2;9BGXH19G07BMN1465;SP;BMN1465;379591685;ATIVO
466;2;9BGXH19G07BMN1466;SP;BMN1466;379591685;ATIVO
467;2;9BGXH19G07BMN1467;SP;BMN1467;379591685;ATIVO
468;2;9BGXH19G07BMN1468;SP;BMN1468;379591685;ATIVO
469;2;9BGXH19G07BMN1469;SP;BMN1469;379591685;ATIVO
470;2;9BGXH19G07BMN1470;SP;BMN1470;379591685;ATIVO
471;2;9BGXH19G07BMN1471;SP;BMN1471;379591685;ATIVO
472;2;9BGXH19G07BMN1472;SP;BMN1472;379591685;ATIVO
473;2;9BGXH19G07BMN1473;SP;BMN1473;379591685;ATIVO
474;2;9BGXH19G07BMN1474;SP;BMN1474;379591685;ATIVO
475;2;9BGXH19G07BMN1475;SP;BMN1475;379591685;ATIVO
476;2;9BGXH19G07BMN1476;SP;BMN1476;379591685;ATIVO
477;2;9BGXH19G07BMN1477;SP;BMN1477;379591685;ATIVO
478;2;9BGXH19G07BMN1478;SP;BMN1478;379591685;ATIVO
479;2;9BGXH19G07BMN1479;SP;BMN1479;379591685;ATIVO
480;2;9BGXH19G07BMN1480;SP;BMN1480;379591685;ATIVO
481;2;9BGXH19G07BMN1481;SP;BMN1481;379591685;ATIVO
482;2;9BGXH19G07BMN1482;SP;BMN1482;379591685;ATIVO
483;2;9BGXH19G07BMN1483;SP;BMN1483;379591685;ATIVO
484;2;9BGXH19G07BMN1484;SP;BMN1484;379591685;ATIVO
485;2;9BGXH19G07BMN1485;SP;BMN1485;379591685;ATIVO
486;2;9BGXH19G07BMN1486;SP;BMN1486;379591685;ATIVO
487;2;9BGXH19G07BMN1487;SP;BMN1487;379591685;ATIVO
488;2;9BGXH19G07BMN1488;SP;BMN1488;379591685;ATIVO
489;2;9BGXH19G07BMN1489;SP;BMN1489;379591685;ATIVO
490;2;9BGXH19G07BMN1490;SP;BMN1490;379591685;ATIVO
491;2;9BGXH19G07BMN1491;SP;BMN1491;379591685;ATIVO
492;2;9BGXH19G07BMN1492;SP;BMN1492;379591685;ATIVO
493;2;9BGXH19G07BMN1493;SP;BMN1493;379591685;ATIVO
494;2;9BGXH19G07BMN1494;SP;BMN1494;379591685;ATIVO
495;2;9BGXH19G07BMN1495;SP;BMN1495;379591685;ATIVO
496;2;9BGXH19G07BMN1496;SP;BMN1496;379591685;ATIVO
497;2;9BGXH19G07BMN1497;SP;BMN1497;379591685;ATIVO
498;2;9BGXH19G07BMN1498;SP;BMN1498;379591685;ATIVO
499;2;9BGXH19G07BMN1499;SP;BMN1499;379591685;ATIVO
500;2;9BGXH19G07BMN1500;SP;BMN1500;379591685;ATIVO
501;2;9BGXH19G07BMN1501;SP;BMN1501;379591685;ATIVO
502;2;9BGXH19G07BMN1502;SP;BMN1502;379591685;ATIVO
503;2;9BGXH19G07BMN1503;SP;BMN1503;379591685;ATIVO
504;2;9BGXH19G07BMN1504;SP;BMN1504;379591685;ATIVO
505;2;9BGXH19G07BMN1505;SP;BMN1505;379591685;ATIVO
506;2;9BGXH19G07BMN1506;SP;BMN1506;379591685;ATIVO
507;2;9BGXH19G07BMN1507;SP;BMN1507;379591685;ATIVO
508;2;9BGXH19G07BMN1508;SP;BMN1508;379591685;ATIVO
509;2;9BGXH19G07BMN1509;SP;BMN1509;379591685;ATIVO
510;2;9BGXH19G07BMN1510;SP;BMN1510;379591685;ATIVO
511;2;9BGXH19G07BMN1511;SP;BMN1511;379591685;ATIVO
512;2;9BGXH19G07BMN1512;SP;BMN1512;379591685;ATIVO
513;2;9BGXH19G07BMN1513;SP;BMN1513;379591685;ATIVO
514;2;9BGXH19G07BMN1514;SP;BMN1514;379591685;ATIVO
515;2;9BGXH19G07BMN1515;SP;BMN1515;379591685;ATIVO
516;2;9BGXH19G07BMN1516;SP;BMN1516;379591685;ATIVO
517;2;9BGXH19G07BMN1517;SP;BMN1517;379591685;ATIVO
518;2;9BGXH19G07BMN1518;SP;BMN1518;379591685;ATIVO
519;2;9BGXH19G07BMN1519;SP;BMN1519;379591685;ATIVO
520;2;9BGXH19G07BMN1520;SP;BMN1520;379591685;ATIVO
521;2;9BGXH19G07BMN1521;SP;BMN1521;379591685;ATIVO
522;2;9BGXH19G07BMN1522;SP;BMN1522;379591685;ATIVO
523;2;9BGXH19G07BMN1523;SP;BMN1523;379591685;ATIVO
524;2;9BGXH19G07BMN1524;SP;BMN1524;379591685;ATIVO
525;2;9BGXH19G07BMN1525;SP;BMN1525;379591685;ATIVO
526;2;9BGXH19G07BMN1526;SP;BMN1526;379591685;ATIVO
527;2;9BGXH19G07BMN1527;SP;BMN1527;379591685;ATIVO
528;2;9BGXH19G07BMN1528;SP;BMN1528;379591685;ATIVO
529;2;9BGXH19G07BMN1529;SP;BMN1529;379591685;ATIVO
530;2;9BGXH19G07BMN1530;SP;BMN1530;379591685;ATIVO
531;2;9BGXH19G07BMN1531;SP;BMN1531;379591685;ATIVO
532;2;9BGXH19G07BMN1532;SP;BMN1532;379591685;ATIVO
533;2;9BGXH19G07BMN1533;SP;BMN1533;379591685;ATIVO
534;2;9BGXH19G07BMN1534;SP;BMN1534;379591685;ATIVO
535;2;9BGXH19G07BMN1535;SP;BMN1535;379591685;ATIVO
536;2;9BGXH19G07BMN1536;SP;BMN1536;379591685;ATIVO
537;2;9BGXH19G07BMN1537;SP;BMN1537;379591685;ATIVO
538;2;9BGXH19G07BMN1538;SP;BMN1538;379591685;ATIVO
539;2;9BGXH19G07BMN1539;SP;BMN1539;379591685;ATIVO
540;2;9BGXH19G07BMN1540;SP;BMN1540;379591685;ATIVO
541;2;9BGXH19G07BMN1541;SP;BMN1541;379591685;ATIVO
542;2;9BGXH19G07BMN1542;SP;BMN1542;379591685;ATIVO
543;2;9BGXH19G07BMN1543;SP;BMN1543;379591685;ATIVO
544;2;9BGXH19G07BMN1544;SP;BMN1544;379591685;ATIVO
545;2;9BGXH19G07BMN1545;SP;BMN1545;379591685;ATIVO
546;2;9BGXH19G07BMN1546;SP;BMN1546;379591685;ATIVO
547;2;9BGXH19G07BMN1547;SP;BMN1547;379591685;ATIVO
548;2;9BGXH19G07BMN1548;SP;BMN1548;379591685;ATIVO
549;2;9BGXH19G07BMN1549;SP;BMN1549;379591685;ATIVO
550;2;9BGXH19G07BMN1550;SP;BMN1550;379591685;ATIVO
551;2;9BGXH19G07BMN1551;SP;BMN1551;379591685;ATIVO
552;2;9BGXH19G07BMN1552;SP;BMN1552;379591685;ATIVO
553;2;9BGXH19G07BMN1553;SP;BMN1553;379591685;ATIVO
554;2;9BGXH19G07BMN1554;SP;BMN1554;379591685;ATIVO
555;2;9BGXH19G07BMN1555;SP;BMN1555;379591685;ATIVO
556;2;9BGXH19G07BMN1556;SP;BMN1556;379591685;ATIVO
557;2;9BGXH19G07BMN1557;SP;BMN1557;379591685;ATIVO
558;2;9BGXH19G07BMN1558;SP;BMN1558;379591685;ATIVO
559;2;9BGXH19G07BMN1559;SP;BMN1559;379591685;ATIVO
560;2;9BGXH19G07BMN1560;SP;BMN1560;379591685;ATIVO
561;2;9BGXH19G07BMN1561;SP;BMN1561;379591685;ATIVO
562;2;9BGXH19G07BMN1562;SP;BMN1562;379591685;ATIVO
563;2;9BGXH19G07BMN1563;SP;BMN1563;379591685;ATIVO
564;2;9BGXH19G07BMN1564;SP;BMN1564;379591685;ATIVO
565;2;9BGXH19G07BMN1565;SP;BMN1565;379591685;ATIVO
566;2;9BGXH19G07BMN1566;SP;BMN1566;379591685;ATIVO
567;2;9BGXH19G07BMN1567;SP;BMN1567;379591685;ATIVO
568;2;9BGXH19G07BMN1568;SP;BMN1568;379591685;ATIVO
569;2;9BGXH19G07BMN1569;SP;BMN1569;379591685;ATIVO
570;2;9BGXH19G07BMN1570;SP;BMN1570;379591685;ATIVO
571;2;9BGXH19G07BMN1571;SP;BMN1571;379591685;ATIVO
572;2;9BGXH19G07BMN1572;SP;BMN1572;379591685;ATIVO
573;2;9BGXH19G07BMN1573;SP;BMN1573;379591685;ATIVO
574;2;9BGXH19G07BMN1574;SP;BMN1574;379591685;ATIVO
575;2;9BGXH19G07BMN1575;SP;BMN1575;379591685;ATIVO
576;2;9BGXH19G07BMN1576;SP;BMN1576;379591685;ATIVO
577;2;9BGXH19G07BMN1577;SP;BMN1577;379591685;ATIVO
578;2;9BGXH19G07BMN1578;SP;BMN1578;379591685;ATIVO
579;2;9BGXH19G07BMN1579;SP;BMN1579;379591685;ATIVO
580;2;9BGXH19G07BMN1580;SP;BMN1580;379591685;ATIVO
581;2;9BGXH19G07BMN1581;SP;BMN1581;379591685;ATIVO
582;2;9BGXH19G07BMN1582;SP;BMN1582;379591685;ATIVO
583;2;9BGXH19G07BMN1583;SP;BMN1583;379591685;ATIVO
584;2;9BGXH19G07BMN1584;SP;BMN1584;379591685;ATIVO
585;2;9BGXH19G07BMN1585;SP;BMN1585;379591685;ATIVO
586;2;9BGXH19G07BMN1586;SP;BMN1586;379591685;ATIVO
587;2;9BGXH19G07BMN1587;SP;BMN1587;379591685;ATIVO
588;2;9BGXH19G07BMN1588;SP;BMN1588;379591685;ATIVO
590;2;9BGXH19G07BMN1590;SP;BMN1590;379591685;ATIVO
591;2;9BGXH19G07BMN1591;SP;BMN1591;379591685;ATIVO
592;2;9BGXH19G07BMN1592;SP;BMN1592;379591685;ATIVO
593;2;9BGXH19G07BMN1593;SP;BMN1593;379591685;ATIVO
594;2;9BGXH19G07BMN1594;SP;BMN1594;379591685;ATIVO
595;2;9BGXH19G07BMN1595;SP;BMN1595;379591685;ATIVO
596;2;9BGXH19G07BMN1596;SP;BMN1596;379591685;ATIVO
597;2;9BGXH19G07BMN1597;SP;BMN1597;379591685;ATIVO
598;2;9BGXH19G07BMN1598;SP;BMN1598;379591685;ATIVO
599;2;9BGXH19G07BMN1599;SP;BMN1599;379591685;ATIVO
600;2;9BGXH19G07BMN1600;SP;BMN1600;379591685;ATIVO
601;2;9BGXH19G07BMN1601;SP;BMN1601;379591685;ATIVO
602;2;9BGXH19G07BMN1602;SP;BMN1602;379591685;ATIVO
603;2;9BGXH19G07BMN1603;SP;BMN1603;379591685;ATIVO
604;2;9BGXH19G07BMN1604;SP;BMN1604;379591685;ATIVO
605;2;9BGXH19G07BMN1605;SP;BMN1605;379591685;ATIVO
606;2;9BGXH19G07BMN1606;SP;BMN1606;379591685;ATIVO
607;2;9BGXH19G07BMN1607;SP;BMN1607;379591685;ATIVO
608;2;9BGXH19G07BMN1608;SP;BMN1608;379591685;ATIVO
609;2;9BGXH19G07BMN1609;SP;BMN1609;379591685;ATIVO
610;2;9BGXH19G07BMN1610;SP;BMN1610;379591685;ATIVO
611;2;9BGXH19G07BMN1611;SP;BMN1611;379591685;ATIVO
612;2;9BGXH19G07BMN1612;SP;BMN1612;379591685;ATIVO
613;2;9BGXH19G07BMN1613;SP;BMN1613;379591685;ATIVO
614;2;9BGXH19G07BMN1614;SP;BMN1614;379591685;ATIVO
615;2;9BGXH19G07BMN1615;SP;BMN1615;379591685;ATIVO
616;2;9BGXH19G07BMN1616;SP;BMN1616;379591685;ATIVO
617;2;9BGXH19G07BMN1617;SP;BMN1617;379591685;ATIVO
618;2;9BGXH19G07BMN1618;SP;BMN1618;379591685;ATIVO
619;2;9BGXH19G07BMN1619;SP;BMN1619;379591685;ATIVO
620;2;9BGXH19G07BMN1620;SP;BMN1620;379591685;ATIVO
621;2;9BGXH19G07BMN1621;SP;BMN1621;379591685;ATIVO
622;2;9BGXH19G07BMN1622;SP;BMN1622;379591685;ATIVO
623;2;9BGXH19G07BMN1623;SP;BMN1623;379591685;ATIVO
624;2;9BGXH19G07BMN1624;SP;BMN1624;379591685;ATIVO
625;2;9BGXH19G07BMN1625;SP;BMN1625;379591685;ATIVO
626;2;9BGXH19G07BMN1626;SP;BMN1626;379591685;ATIVO
627;2;9BGXH19G07BMN1627;SP;BMN1627;379591685;ATIVO
628;2;9BGXH19G07BMN1628;SP;BMN1628;379591685;ATIVO
629;2;9BGXH19G07BMN1629;SP;BMN1629;379591685;ATIVO
630;2;9BGXH19G07BMN1630;SP;BMN1630;379591685;ATIVO
631;2;9BGXH19G07BMN1631;SP;BMN1631;379591685;ATIVO
632;2;9BGXH19G07BMN1632;SP;BMN1632;379591685;ATIVO
633;2;9BGXH19G07BMN1633;SP;BMN1633;379591685;ATIVO
634;2;9BGXH19G07BMN1634;SP;BMN1634;379591685;ATIVO
635;2;9BGXH19G07BMN1635;SP;BMN1635;379591685;ATIVO
636;2;9BGXH19G07BMN1636;SP;BMN1636;379591685;ATIVO
637;2;9BGXH19G07BMN1637;SP;BMN1637;379591685;ATIVO
638;2;9BGXH19G07BMN1638;SP;BMN1638;379591685;ATIVO
639;2;9BGXH19G07BMN1639;SP;BMN1639;379591685;ATIVO
640;2;9BGXH19G07BMN1640;SP;BMN1640;379591685;ATIVO
641;2;9BGXH19G07BMN1641;SP;BMN1641;379591685;ATIVO
642;2;9BGXH19G07BMN1642;SP;BMN1642;379591685;ATIVO
643;2;9BGXH19G07BMN1643;SP;BMN1643;379591685;ATIVO
644;2;9BGXH19G07BMN1644;SP;BMN1644;379591685;ATIVO
645;2;9BGXH19G07BMN1645;SP;BMN1645;379591685;ATIVO
646;2;9BGXH19G07BMN1646;SP;BMN1646;379591685;ATIVO
647;2;9BGXH19G07BMN1647;SP;BMN1647;379591685;ATIVO
648;2;9BGXH19G07BMN1648;SP;BMN1648;379591685;ATIVO
649;2;9BGXH19G07BMN1649;SP;BMN1649;379591685;ATIVO
650;2;9BGXH19G07BMN1650;SP;BMN1650;379591685;ATIVO
651;2;9BGXH19G07BMN1651;SP;BMN1651;379591685;ATIVO
652;2;9BGXH19G07BMN1652;SP;BMN1652;379591685;ATIVO
653;2;9BGXH19G07BMN1653;SP;BMN1653;379591685;ATIVO
654;2;9BGXH19G07BMN1654;SP;BMN1654;379591685;ATIVO
655;2;9BGXH19G07BMN1655;SP;BMN1655;379591685;ATIVO
656;2;9BGXH19G07BMN1656;SP;BMN1656;379591685;ATIVO
657;2;9BGXH19G07BMN1657;SP;BMN1657;379591685;ATIVO
658;2;9BGXH19G07BMN1658;SP;BMN1658;379591685;ATIVO
659;2;9BGXH19G07BMN1659;SP;BMN1659;379591685;ATIVO
660;2;9BGXH19G07BMN1660;SP;BMN1660;379591685;ATIVO
661;2;9BGXH19G07BMN1661;SP;BMN1661;379591685;ATIVO
662;2;9BGXH19G07BMN1662;SP;BMN1662;379591685;ATIVO
663;2;9BGXH19G07BMN1663;SP;BMN1663;379591685;ATIVO
664;2;9BGXH19G07BMN1664;SP;BMN1664;379591685;ATIVO
665;2;9BGXH19G07BMN1665;SP;BMN1665;379591685;ATIVO
666;2;9BGXH19G07BMN1666;SP;BMN1666;379591685;ATIVO
667;2;9BGXH19G07BMN1667;SP;BMN1667;379591685;ATIVO
668;2;9BGXH19G07BMN1668;SP;BMN1668;379591685;ATIVO
669;2;9BGXH19G07BMN1669;SP;BMN1669;379591685;ATIVO
670;2;9BGXH19G07BMN1670;SP;BMN1670;379591685;ATIVO
671;2;9BGXH19G07BMN1671;SP;BMN1671;379591685;ATIVO
672;2;9BGXH19G07BMN1672;SP;BMN1672;379591685;ATIVO
673;2;9BGXH19G07BMN1673;SP;BMN1673;379591685;ATIVO
674;2;9BGXH19G07BMN1674;SP;BMN1674;379591685;ATIVO
675;2;9BGXH19G07BMN1675;SP;BMN1675;379591685;ATIVO
676;2;9BGXH19G07BMN1676;SP;BMN1676;379591685;ATIVO
677;2;9BGXH19G07BMN1677;SP;BMN1677;379591685;ATIVO
678;2;9BGXH19G07BMN1678;SP;BMN1678;379591685;ATIVO
679;2;9BGXH19G07BMN1679;SP;BMN1679;379591685;ATIVO
680;2;9BGXH19G07BMN1680;SP;BMN1680;379591685;ATIVO
681;2;9BGXH19G07BMN1681;SP;BMN1681;379591685;ATIVO
682;2;9BGXH19G07BMN1682;SP;BMN1682;379591685;ATIVO
683;2;9BGXH19G07BMN1683;SP;BMN1683;379591685;ATIVO
684;2;9BGXH19G07BMN1684;SP;BMN1684;379591685;ATIVO
685;2;9BGXH19G07BMN1685;SP;BMN1685;379591685;ATIVO
686;2;9BGXH19G07BMN1686;SP;BMN1686;379591685;ATIVO
687;2;9BGXH19G07BMN1687;SP;BMN1687;379591685;ATIVO
688;2;9BGXH19G07BMN1688;SP;BMN1688;379591685;ATIVO
689;2;9BGXH19G07BMN1689;SP;BMN1689;379591685;ATIVO
690;2;9BGXH19G07BMN1690;SP;BMN1690;379591685;ATIVO
691;2;9BGXH19G07BMN1691;SP;BMN1691;379591685;ATIVO
692;2;9BGXH19G07BMN1692;SP;BMN1692;379591685;ATIVO
693;2;9BGXH19G07BMN1693;SP;BMN1693;379591685;ATIVO
694;2;9BGXH19G07BMN1694;SP;BMN1694;379591685;ATIVO
695;2;9BGXH19G07BMN1695;SP;BMN1695;379591685;ATIVO
696;2;9BGXH19G07BMN1696;SP;BMN1696;379591685;ATIVO
697;2;9BGXH19G07BMN1697;SP;BMN1697;379591685;ATIVO
698;2;9BGXH19G07BMN1698;SP;BMN1698;379591685;ATIVO
699;2;9BGXH19G07BMN1699;SP;BMN1699;379591685;ATIVO
700;2;9BGXH19G07BMN1700;SP;BMN1700;379591685;ATIVO
701;2;9BGXH19G07BMN1701;SP;BMN1701;379591685;ATIVO
702;2;9BGXH19G07BMN1702;SP;BMN1702;379591685;ATIVO
703;2;9BGXH19G07BMN1703;SP;BMN1703;379591685;ATIVO
704;2;9BGXH19G07BMN1704;SP;BMN1704;379591685;ATIVO
705;2;9BGXH19G07BMN1705;SP;BMN1705;379591685;ATIVO
706;2;9BGXH19G07BMN1706;SP;BMN1706;379591685;ATIVO
707;2;9BGXH19G07BMN1707;SP;BMN1707;379591685;ATIVO
708;2;9BGXH19G07BMN1708;SP;BMN1708;379591685;ATIVO
709;2;9BGXH19G07BMN1709;SP;BMN1709;379591685;ATIVO
710;2;9BGXH19G07BMN1710;SP;BMN1710;379591685;ATIVO
711;2;9BGXH19G07BMN1711;SP;BMN1711;379591685;ATIVO
712;2;9BGXH19G07BMN1712;SP;BMN1712;379591685;ATIVO
713;2;9BGXH19G07BMN1713;SP;BMN1713;379591685;ATIVO
714;2;9BGXH19G07BMN1714;SP;BMN1714;379591685;ATIVO
715;2;9BGXH19G07BMN1715;SP;BMN1715;379591685;ATIVO
716;2;9BGXH19G07BMN1716;SP;BMN1716;379591685;ATIVO
717;2;9BGXH19G07BMN1717;SP;BMN1717;379591685;ATIVO
718;2;9BGXH19G07BMN1718;SP;BMN1718;379591685;ATIVO
719;2;9BGXH19G07BMN1719;SP;BMN1719;379591685;ATIVO
720;2;9BGXH19G07BMN1720;SP;BMN1720;379591685;ATIVO
721;2;9BGXH19G07BMN1721;SP;BMN1721;379591685;ATIVO
722;2;9BGXH19G07BMN1722;SP;BMN1722;379591685;ATIVO
723;2;9BGXH19G07BMN1723;SP;BMN1723;379591685;ATIVO
724;2;9BGXH19G07BMN1724;SP;BMN1724;379591685;ATIVO
725;2;9BGXH19G07BMN1725;SP;BMN1725;379591685;ATIVO
726;2;9BGXH19G07BMN1726;SP;BMN1726;379591685;ATIVO
727;2;9BGXH19G07BMN1727;SP;BMN1727;379591685;ATIVO
728;2;9BGXH19G07BMN1728;SP;BMN1728;379591685;ATIVO
729;2;9BGXH19G07BMN1729;SP;BMN1729;379591685;ATIVO
730;2;9BGXH19G07BMN1730;SP;BMN1730;379591685;ATIVO
731;2;9BGXH19G07BMN1731;SP;BMN1731;379591685;ATIVO
732;2;9BGXH19G07BMN1732;SP;BMN1732;379591685;ATIVO
733;2;9BGXH19G07BMN1733;SP;BMN1733;379591685;ATIVO
734;2;9BGXH19G07BMN1734;SP;BMN1734;379591685;ATIVO
735;2;9BGXH19G07BMN1735;SP;BMN1735;379591685;ATIVO
736;2;9BGXH19G07BMN1736;SP;BMN1736;379591685;ATIVO
737;2;9BGXH19G07BMN1737;SP;BMN1737;379591685;ATIVO
738;2;9BGXH19G07BMN1738;SP;BMN1738;379591685;ATIVO
739;2;9BGXH19G07BMN1739;SP;BMN1739;379591685;ATIVO
740;2;9BGXH19G07BMN1740;SP;BMN1740;379591685;ATIVO
741;2;9BGXH19G07BMN1741;SP;BMN1741;379591685;ATIVO
742;2;9BGXH19G07BMN1742;SP;BMN1742;379591685;ATIVO
743;2;9BGXH19G07BMN1743;SP;BMN1743;379591685;ATIVO
744;2;9BGXH19G07BMN1744;SP;BMN1744;379591685;ATIVO
745;2;9BGXH19G07BMN1745;SP;BMN1745;379591685;ATIVO
746;2;9BGXH19G07BMN1746;SP;BMN1746;379591685;ATIVO
747;2;9BGXH19G07BMN1747;SP;BMN1747;379591685;ATIVO
748;2;9BGXH19G07BMN1748;SP;BMN1748;379591685;ATIVO
749;2;9BGXH19G07BMN1749;SP;BMN1749;379591685;ATIVO
750;2;9BGXH19G07BMN1750;SP;BMN1750;379591685;ATIVO
751;2;9BGXH19G07BMN1751;SP;BMN1751;379591685;ATIVO
752;2;9BGXH19G07BMN1752;SP;BMN1752;379591685;ATIVO
753;2;9BGXH19G07BMN1753;SP;BMN1753;379591685;ATIVO
754;2;9BGXH19G07BMN1754;SP;BMN1754;379591685;ATIVO
755;2;9BGXH19G07BMN1755;SP;BMN1755;379591685;ATIVO
756;2;9BGXH19G07BMN1756;SP;BMN1756;379591685;ATIVO
757;2;9BGXH19G07BMN1757;SP;BMN1757;379591685;ATIVO
758;2;9BGXH19G07BMN1758;SP;BMN1758;379591685;ATIVO
759;2;9BGXH19G07BMN1759;SP;BMN1759;379591685;ATIVO
760;2;9BGXH19G07BMN1760;SP;BMN1760;379591685;ATIVO
761;2;9BGXH19G07BMN1761;SP;BMN1761;379591685;ATIVO
762;2;9BGXH19G07BMN1762;SP;BMN1762;379591685;ATIVO
763;2;9BGXH19G07BMN1763;SP;BMN1763;379591685;ATIVO
764;2;9BGXH19G07BMN1764;SP;BMN1764;379591685;ATIVO
765;2;9BGXH19G07BMN1765;SP;BMN1765;379591685;ATIVO
766;2;9BGXH19G07BMN1766;SP;BMN1766;379591685;ATIVO
767;2;9BGXH19G07BMN1767;SP;BMN1767;379591685;ATIVO
768;2;9BGXH19G07BMN1768;SP;BMN1768;379591685;ATIVO
769;2;9BGXH19G07BMN1769;SP;BMN1769;379591685;ATIVO
770;2;9BGXH19G07BMN1770;SP;BMN1770;379591685;ATIVO
771;2;9BGXH19G07BMN1771;SP;BMN1771;379591685;ATIVO
772;2;9BGXH19G07BMN1772;SP;BMN1772;379591685;ATIVO
773;2;9BGXH19G07BMN1773;SP;BMN1773;379591685;ATIVO
774;2;9BGXH19G07BMN1774;SP;BMN1774;379591685;ATIVO
775;2;9BGXH19G07BMN1775;SP;BMN1775;379591685;ATIVO
776;2;9BGXH19G07BMN1776;SP;BMN1776;379591685;ATIVO
777;2;9BGXH19G07BMN1777;SP;BMN1777;379591685;ATIVO
778;2;9BGXH19G07BMN1778;SP;BMN1778;379591685;ATIVO
779;2;9BGXH19G07BMN1779;SP;BMN1779;379591685;ATIVO
780;2;9BGXH19G07BMN1780;SP;BMN1780;379591685;ATIVO
781;2;9BGXH19G07BMN1781;SP;BMN1781;379591685;ATIVO
782;2;9BGXH19G07BMN1782;SP;BMN1782;379591685;ATIVO
783;2;9BGXH19G07BMN1783;SP;BMN1783;379591685;ATIVO
784;2;9BGXH19G07BMN1784;SP;BMN1784;379591685;ATIVO
785;2;9BGXH19G07BMN1785;SP;BMN1785;379591685;ATIVO
786;2;9BGXH19G07BMN1786;SP;BMN1786;379591685;ATIVO
787;2;9BGXH19G07BMN1787;SP;BMN1787;379591685;ATIVO
788;2;9BGXH19G07BMN1788;SP;BMN1788;379591685;ATIVO
789;2;9BGXH19G07BMN1789;SP;BMN1789;379591685;ATIVO
790;2;9BGXH19G07BMN1790;SP;BMN1790;379591685;ATIVO
791;2;9BGXH19G07BMN1791;SP;BMN1791;379591685;ATIVO
792;2;9BGXH19G07BMN1792;SP;BMN1792;379591685;ATIVO
793;2;9BGXH19G07BMN1793;SP;BMN1793;379591685;ATIVO
794;2;9BGXH19G07BMN1794;SP;BMN1794;379591685;ATIVO
795;2;9BGXH19G07BMN1795;SP;BMN1795;379591685;ATIVO
796;2;9BGXH19G07BMN1796;SP;BMN1796;379591685;ATIVO
797;2;9BGXH19G07BMN1797;SP;BMN1797;379591685;ATIVO
798;2;9BGXH19G07BMN1798;SP;BMN1798;379591685;ATIVO
799;2;9BGXH19G07BMN1799;SP;BMN1799;379591685;ATIVO
800;2;9BGXH19G07BMN1800;SP;BMN1800;379591685;ATIVO
801;2;9BGXH19G07BMN1801;SP;BMN1801;379591685;ATIVO
802;2;9BGXH19G07BMN1802;SP;BMN1802;379591685;ATIVO
803;2;9BGXH19G07BMN1803;SP;BMN1803;379591685;ATIVO
804;2;9BGXH19G07BMN1804;SP;BMN1804;379591685;ATIVO
805;2;9BGXH19G07BMN1805;SP;BMN1805;379591685;ATIVO
806;2;9BGXH19G07BMN1806;SP;BMN1806;379591685;ATIVO
807;2;9BGXH19G07BMN1807;SP;BMN1807;379591685;ATIVO
808;2;9BGXH19G07BMN1808;SP;BMN1808;379591685;ATIVO
809;2;9BGXH19G07BMN1809;SP;BMN1809;379591685;ATIVO
810;2;9BGXH19G07BMN1810;SP;BMN1810;379591685;ATIVO
811;2;9BGXH19G07BMN1811;SP;BMN1811;379591685;ATIVO
812;2;9BGXH19G07BMN1812;SP;BMN1812;379591685;ATIVO
813;2;9BGXH19G07BMN1813;SP;BMN1813;379591685;ATIVO
814;2;9BGXH19G07BMN1814;SP;BMN1814;379591685;ATIVO
815;2;9BGXH19G07BMN1815;SP;BMN1815;379591685;ATIVO
816;2;9BGXH19G07BMN1816;SP;BMN1816;379591685;ATIVO
817;2;9BGXH19G07BMN1817;SP;BMN1817;379591685;ATIVO
818;2;9BGXH19G07BMN1818;SP;BMN1818;379591685;ATIVO
819;2;9BGXH19G07BMN1819;SP;BMN1819;379591685;ATIVO
820;2;9BGXH19G07BMN1820;SP;BMN1820;379591685;ATIVO
821;2;9BGXH19G07BMN1821;SP;BMN1821;379591685;ATIVO
822;2;9BGXH19G07BMN1822;SP;BMN1822;379591685;ATIVO
823;2;9BGXH19G07BMN1823;SP;BMN1823;379591685;ATIVO
824;2;9BGXH19G07BMN1824;SP;BMN1824;379591685;ATIVO
825;2;9BGXH19G07BMN1825;SP;BMN1825;379591685;ATIVO
826;2;9BGXH19G07BMN1826;SP;BMN1826;379591685;ATIVO
827;2;9BGXH19G07BMN1827;SP;BMN1827;379591685;ATIVO
828;2;9BGXH19G07BMN1828;SP;BMN1828;379591685;ATIVO
829;2;9BGXH19G07BMN1829;SP;BMN1829;379591685;ATIVO
830;2;9BGXH19G07BMN1830;SP;BMN1830;379591685;ATIVO
831;2;9BGXH19G07BMN1831;SP;BMN1831;379591685;ATIVO
832;2;9BGXH19G07BMN1832;SP;BMN1832;379591685;ATIVO
833;2;9BGXH19G07BMN1833;SP;BMN1833;379591685;ATIVO
834;2;9BGXH19G07BMN1834;SP;BMN1834;379591685;ATIVO
835;2;9BGXH19G07BMN1835;SP;BMN1835;379591685;ATIVO
836;2;9BGXH19G07BMN1836;SP;BMN1836;379591685;ATIVO
837;2;9BGXH19G07BMN1837;SP;BMN1837;379591685;ATIVO
838;2;9BGXH19G07BMN1838;SP;BMN1838;379591685;ATIVO
839;2;9BGXH19G07BMN1839;SP;BMN1839;379591685;ATIVO
840;2;9BGXH19G07BMN1840;SP;BMN1840;379591685;ATIVO
841;2;9BGXH19G07BMN1841;SP;BMN1841;379591685;ATIVO
842;2;9BGXH19G07BMN1842;SP;BMN1842;379591685;ATIVO
843;2;9BGXH19G07BMN1843;SP;BMN1843;379591685;ATIVO
844;2;9BGXH19G07BMN1844;SP;BMN1844;379591685;ATIVO
845;2;9BGXH19G07BMN1845;SP;BMN1845;379591685;ATIVO
846;2;9BGXH19G07BMN1846;SP;BMN1846;379591685;ATIVO
847;2;9BGXH19G07BMN1847;SP;BMN1847;379591685;ATIVO
848;2;9BGXH19G07BMN1848;SP;BMN1848;379591685;ATIVO
849;2;9BGXH19G07BMN1849;SP;BMN1849;379591685;ATIVO
850;2;9BGXH19G07BMN1850;SP;BMN1850;379591685;ATIVO
851;2;9BGXH19G07BMN1851;SP;BMN1851;379591685;ATIVO
852;2;9BGXH19G07BMN1852;SP;BMN1852;379591685;ATIVO
853;2;9BGXH19G07BMN1853;SP;BMN1853;379591685;ATIVO
854;2;9BGXH19G07BMN1854;SP;BMN1854;379591685;ATIVO
855;2;9BGXH19G07BMN1855;SP;BMN1855;379591685;ATIVO
856;2;9BGXH19G07BMN1856;SP;BMN1856;379591685;ATIVO
857;2;9BGXH19G07BMN1857;SP;BMN1857;379591685;ATIVO
858;2;9BGXH19G07BMN1858;SP;BMN1858;379591685;ATIVO
859;2;9BGXH19G07BMN1859;SP;BMN1859;379591685;ATIVO
860;2;9BGXH19G07BMN1860;SP;BMN1860;379591685;ATIVO
861;2;9BGXH19G07BMN1861;SP;BMN1861;379591685;ATIVO
862;2;9BGXH19G07BMN1862;SP;BMN1862;379591685;ATIVO
863;2;9BGXH19G07BMN1863;SP;BMN1863;379591685;ATIVO
864;2;9BGXH19G07BMN1864;SP;BMN1864;379591685;ATIVO
865;2;9BGXH19G07BMN1865;SP;BMN1865;379591685;ATIVO
866;2;9BGXH19G07BMN1866;SP;BMN1866;379591685;ATIVO
867;2;9BGXH19G07BMN1867;SP;BMN1867;379591685;ATIVO
868;2;9BGXH19G07BMN1868;SP;BMN1868;379591685;ATIVO
869;2;9BGXH19G07BMN1869;SP;BMN1869;379591685;ATIVO
870;2;9BGXH19G07BMN1870;SP;BMN1870;379591685;ATIVO
871;2;9BGXH19G07BMN1871;SP;BMN1871;379591685;ATIVO
872;2;9BGXH19G07BMN1872;SP;BMN1872;379591685;ATIVO
873;2;9BGXH19G07BMN1873;SP;BMN1873;379591685;ATIVO
874;2;9BGXH19G07BMN1874;SP;BMN1874;379591685;ATIVO
875;2;9BGXH19G07BMN1875;SP;BMN1875;379591685;ATIVO
876;2;9BGXH19G07BMN1876;SP;BMN1876;379591685;ATIVO
877;2;9BGXH19G07BMN1877;SP;BMN1877;379591685;ATIVO
878;2;9BGXH19G07BMN1878;SP;BMN1878;379591685;ATIVO
879;2;9BGXH19G07BMN1879;SP;BMN1879;379591685;ATIVO
880;2;9BGXH19G07BMN1880;SP;BMN1880;379591685;ATIVO
881;2;9BGXH19G07BMN1881;SP;BMN1881;379591685;ATIVO
882;2;9BGXH19G07BMN1882;SP;BMN1882;379591685;ATIVO
883;2;9BGXH19G07BMN1883;SP;BMN1883;379591685;ATIVO
884;2;9BGXH19G07BMN1884;SP;BMN1884;379591685;ATIVO
885;2;9BGXH19G07BMN1885;SP;BMN1885;379591685;ATIVO
886;2;9BGXH19G07BMN1886;SP;BMN1886;379591685;ATIVO
887;2;9BGXH19G07BMN1887;SP;BMN1887;379591685;ATIVO
888;2;9BGXH19G07BMN1888;SP;BMN1888;379591685;ATIVO
889;2;9BGXH19G07BMN1889;SP;BMN1889;379591685;ATIVO
890;2;9BGXH19G07BMN1890;SP;BMN1890;379591685;ATIVO
891;2;9BGXH19G07BMN1891;SP;BMN1891;379591685;ATIVO
892;2;9BGXH19G07BMN1892;SP;BMN1892;379591685;ATIVO
893;2;9BGXH19G07BMN1893;SP;BMN1893;379591685;ATIVO
894;2;9BGXH19G07BMN1894;SP;BMN1894;379591685;ATIVO
895;2;9BGXH19G07BMN1895;SP;BMN1895;379591685;ATIVO
896;2;9BGXH19G07BMN1896;SP;BMN1896;379591685;ATIVO
897;2;9BGXH19G07BMN1897;SP;BMN1897;379591685;ATIVO
898;2;9BGXH19G07BMN1898;SP;BMN1898;379591685;ATIVO
899;2;9BGXH19G07BMN1899;SP;BMN1899;379591685;ATIVO
900;2;9BGXH19G07BMN1900;SP;BMN1900;379591685;ATIVO
901;2;9BGXH19G07BMN1901;SP;BMN1901;379591685;ATIVO
902;2;9BGXH19G07BMN1902;SP;BMN1902;379591685;ATIVO
903;2;9BGXH19G07BMN1903;SP;BMN1903;379591685;ATIVO
904;2;9BGXH19G07BMN1904;SP;BMN1904;379591685;ATIVO
905;2;9BGXH19G07BMN1905;SP;BMN1905;379591685;ATIVO
906;2;9BGXH19G07BMN1906;SP;BMN1906;379591685;ATIVO
907;2;9BGXH19G07BMN1907;SP;BMN1907;379591685;ATIVO
908;2;9BGXH19G07BMN1908;SP;BMN1908;379591685;ATIVO
909;2;9BGXH19G07BMN1909;SP;BMN1909;379591685;ATIVO
910;2;9BGXH19G07BMN1910;SP;BMN1910;379591685;ATIVO
911;2;9BGXH19G07BMN1911;SP;BMN1911;379591685;ATIVO
912;2;9BGXH19G07BMN1912;SP;BMN1912;379591685;ATIVO
913;2;9BGXH19G07BMN1913;SP;BMN1913;379591685;ATIVO
914;2;9BGXH19G07BMN1914;SP;BMN1914;379591685;ATIVO
915;2;9BGXH19G07BMN1915;SP;BMN1915;379591685;ATIVO
916;2;9BGXH19G07BMN1916;SP;BMN1916;379591685;ATIVO
917;2;9BGXH19G07BMN1917;SP;BMN1917;379591685;ATIVO
918;2;9BGXH19G07BMN1918;SP;BMN1918;379591685;ATIVO
919;2;9BGXH19G07BMN1919;SP;BMN1919;379591685;ATIVO
921;2;9BGXH19G07BMN1921;SP;BMN1921;379591685;ATIVO
922;2;9BGXH19G07BMN1922;SP;BMN1922;379591685;ATIVO
923;2;9BGXH19G07BMN1923;SP;BMN1923;379591685;ATIVO
924;2;9BGXH19G07BMN1924;SP;BMN1924;379591685;ATIVO
925;2;9BGXH19G07BMN1925;SP;BMN1925;379591685;ATIVO
926;2;9BGXH19G07BMN1926;SP;BMN1926;379591685;ATIVO
927;2;9BGXH19G07BMN1927;SP;BMN1927;379591685;ATIVO
928;2;9BGXH19G07BMN1928;SP;BMN1928;379591685;ATIVO
929;2;9BGXH19G07BMN1929;SP;BMN1929;379591685;ATIVO
930;2;9BGXH19G07BMN1930;SP;BMN1930;379591685;ATIVO
931;2;9BGXH19G07BMN1931;SP;BMN1931;379591685;ATIVO
932;2;9BGXH19G07BMN1932;SP;BMN1932;379591685;ATIVO
933;2;9BGXH19G07BMN1933;SP;BMN1933;379591685;ATIVO
934;2;9BGXH19G07BMN1934;SP;BMN1934;379591685;ATIVO
935;2;9BGXH19G07BMN1935;SP;BMN1935;379591685;ATIVO
936;2;9BGXH19G07BMN1936;SP;BMN1936;379591685;ATIVO
937;2;9BGXH19G07BMN1937;SP;BMN1937;379591685;ATIVO
938;2;9BGXH19G07BMN1938;SP;BMN1938;379591685;ATIVO
939;2;9BGXH19G07BMN1939;SP;BMN1939;379591685;ATIVO
940;2;9BGXH19G07BMN1940;SP;BMN1940;379591685;ATIVO
941;2;9BGXH19G07BMN1941;SP;BMN1941;379591685;ATIVO
942;2;9BGXH19G07BMN1942;SP;BMN1942;379591685;ATIVO
943;2;9BGXH19G07BMN1943;SP;BMN1943;379591685;ATIVO
944;2;9BGXH19G07BMN1944;SP;BMN1944;379591685;ATIVO
945;2;9BGXH19G07BMN1945;SP;BMN1945;379591685;ATIVO
946;2;9BGXH19G07BMN1946;SP;BMN1946;379591685;ATIVO
947;2;9BGXH19G07BMN1947;SP;BMN1947;379591685;ATIVO
948;2;9BGXH19G07BMN1948;SP;BMN1948;379591685;ATIVO
949;2;9BGXH19G07BMN1949;SP;BMN1949;379591685;ATIVO
950;2;9BGXH19G07BMN1950;SP;BMN1950;379591685;ATIVO
951;2;9BGXH19G07BMN1951;SP;BMN1951;379591685;ATIVO
952;2;9BGXH19G07BMN1952;SP;BMN1952;379591685;ATIVO
953;2;9BGXH19G07BMN1953;SP;BMN1953;379591685;ATIVO
954;2;9BGXH19G07BMN1954;SP;BMN1954;379591685;ATIVO
955;2;9BGXH19G07BMN1955;SP;BMN1955;379591685;ATIVO
956;2;9BGXH19G07BMN1956;SP;BMN1956;379591685;ATIVO
957;2;9BGXH19G07BMN1957;SP;BMN1957;379591685;ATIVO
958;2;9BGXH19G07BMN1958;SP;BMN1958;379591685;ATIVO
959;2;9BGXH19G07BMN1959;SP;BMN1959;379591685;ATIVO
960;2;9BGXH19G07BMN1960;SP;BMN1960;379591685;ATIVO
961;2;9BGXH19G07BMN1961;SP;BMN1961;379591685;ATIVO
962;2;9BGXH19G07BMN1962;SP;BMN1962;379591685;ATIVO
963;2;9BGXH19G07BMN1963;SP;BMN1963;379591685;ATIVO
964;2;9BGXH19G07BMN1964;SP;BMN1964;379591685;ATIVO
965;2;9BGXH19G07BMN1965;SP;BMN1965;379591685;ATIVO
966;2;9BGXH19G07BMN1966;SP;BMN1966;379591685;ATIVO
967;2;9BGXH19G07BMN1967;SP;BMN1967;379591685;ATIVO
968;2;9BGXH19G07BMN1968;SP;BMN1968;379591685;ATIVO
969;2;9BGXH19G07BMN1969;SP;BMN1969;379591685;ATIVO
970;2;9BGXH19G07BMN1970;SP;BMN1970;379591685;ATIVO
971;2;9BGXH19G07BMN1971;SP;BMN1971;379591685;ATIVO
972;2;9BGXH19G07BMN1972;SP;BMN1972;379591685;ATIVO
973;2;9BGXH19G07BMN1973;SP;BMN1973;379591685;ATIVO
974;2;9BGXH19G07BMN1974;SP;BMN1974;379591685;ATIVO
975;2;9BGXH19G07BMN1975;SP;BMN1975;379591685;ATIVO
976;2;9BGXH19G07BMN1976;SP;BMN1976;379591685;ATIVO
977;2;9BGXH19G07BMN1977;SP;BMN1977;379591685;ATIVO
978;2;9BGXH19G07BMN1978;SP;BMN1978;379591685;ATIVO
979;2;9BGXH19G07BMN1979;SP;BMN1979;379591685;ATIVO
980;2;9BGXH19G07BMN1980;SP;BMN1980;379591685;ATIVO
981;2;9BGXH19G07BMN1981;SP;BMN1981;379591685;ATIVO
982;2;9BGXH19G07BMN1982;SP;BMN1982;379591685;ATIVO
983;2;9BGXH19G07BMN1983;SP;BMN1983;379591685;ATIVO
984;2;9BGXH19G07BMN1984;SP;BMN1984;379591685;ATIVO
985;2;9BGXH19G07BMN1985;SP;BMN1985;379591685;ATIVO
986;2;9BGXH19G07BMN1986;SP;BMN1986;379591685;ATIVO
987;2;9BGXH19G07BMN1987;SP;BMN1987;379591685;ATIVO
988;2;9BGXH19G07BMN1988;SP;BMN1988;379591685;ATIVO
989;2;9BGXH19G07BMN1989;SP;BMN1989;379591685;ATIVO
990;2;9BGXH19G07BMN1990;SP;BMN1990;379591685;ATIVO
991;2;9BGXH19G07BMN1991;SP;BMN1991;379591685;ATIVO
992;2;9BGXH19G07BMN1992;SP;BMN1992;379591685;ATIVO
993;2;9BGXH19G07BMN1993;SP;BMN1993;379591685;ATIVO
994;2;9BGXH19G07BMN1994;SP;BMN1994;379591685;ATIVO
995;2;9BGXH19G07BMN1995;SP;BMN1995;379591685;ATIVO
996;2;9BGXH19G07BMN1996;SP;BMN1996;379591685;ATIVO
997;2;9BGXH19G07BMN1997;SP;BMN1997;379591685;ATIVO
41;2;9BGXH19G07BMN1041;SP;BMN1041;379591685;OUTRO
44;2;9BGXH19G07BMN1044;SP;BMN1044;379591685;OUTRO
49;2;9BGXH19G07BMN1049;SP;BMN1049;379591685;OUTRO
50;2;9BGXH19G07BMN1050;SP;BMN1050;379591685;OUTRO
52;2;9BGXH19G07BMN1052;SP;BMN1052;379591685;OUTRO
53;2;9BGXH19G07BMN1053;SP;BMN1053;379591685;OUTRO
54;2;9BGXH19G07BMN1054;SP;BMN1054;379591685;OUTRO
55;2;9BGXH19G07BMN1055;SP;BMN1055;379591685;OUTRO
69;2;9BGXH19G07BMN1069;SP;BMN1069;379591685;OUTRO
71;2;9BGXH19G07BMN1071;SP;BMN1071;379591685;OUTRO
72;2;9BGXH19G07BMN1072;SP;BMN1072;379591685;OUTRO
73;2;9BGXH19G07BMN1073;SP;BMN1073;379591685;OUTRO
79;2;9BGXH19G07BMN1079;SP;BMN1079;379591685;OUTRO
85;2;9BGXH19G07BMN1085;SP;BMN1085;379591685;OUTRO
86;2;9BGXH19G07BMN1086;SP;BMN1086;379591685;OUTRO
98;2;9BGXH19G07BMN1098;SP;BMN1098;379591685;OUTRO
100;2;9BGXH19G07BMN1100;SP;BMN1100;379591685;OUTRO
589;2;9BGXH19G07BMN1589;SP;BMN1589;379591685;OUTRO
920;2;9BGXH19G07BMN1920;SP;BMN1920;379591685;OUTRO
998;2;9BGXH19G07BMN1998;SP;BMN1998;379591685;OUTRO
999;2;9BGXH19G07BMN1999;SP;BMN1999;379591685;OUTRO
1000;2;9BGXH19G07BMN2000;SP;BMN2000;379591685;OUTRO
