{
  "cadu - 1.2 - /login/autenticar-0" : {
    "transaction" : "cadu - 1.2 - /login/autenticar-0",
    "sampleCount" : 1,
    "errorCount" : 0,
    "errorPct" : 0.0,
    "meanResTime" : 778.0,
    "minResTime" : 778.0,
    "maxResTime" : 778.0,
    "pct1ResTime" : 778.0,
    "pct2ResTime" : 778.0,
    "pct3ResTime" : 778.0,
    "throughput" : 1.2853470437017993,
    "receivedKBytesPerSec" : 0.719242046915167,
    "sentKBytesPerSec" : 0.9627550610539846
  },
  "mlocf - 2.1 - /home-4" : {
    "transaction" : "mlocf - 2.1 - /home-4",
    "sampleCount" : 40,
    "errorCount" : 0,
    "errorPct" : 0.0,
    "meanResTime" : 42.57500000000001,
    "minResTime" : 8.0,
    "maxResTime" : 174.0,
    "pct1ResTime" : 56.699999999999996,
    "pct2ResTime" : 73.39999999999995,
    "pct3ResTime" : 174.0,
    "throughput" : 0.11503144672174756,
    "receivedKBytesPerSec" : 0.31000076208333455,
    "sentKBytesPerSec" : 0.06436537420448565
  },
  "cadu - 1.2 - /login/autenticar-1" : {
    "transaction" : "cadu - 1.2 - /login/autenticar-1",
    "sampleCount" : 1,
    "errorCount" : 0,
    "errorPct" : 0.0,
    "meanResTime" : 164.0,
    "minResTime" : 164.0,
    "maxResTime" : 164.0,
    "pct1ResTime" : 164.0,
    "pct2ResTime" : 164.0,
    "pct3ResTime" : 164.0,
    "throughput" : 6.097560975609756,
    "receivedKBytesPerSec" : 40.24152057926829,
    "sentKBytesPerSec" : 3.096417682926829
  },
  "mlocf - 2.1 - /home-3" : {
    "transaction" : "mlocf - 2.1 - /home-3",
    "sampleCount" : 40,
    "errorCount" : 0,
    "errorPct" : 0.0,
    "meanResTime" : 35.77499999999999,
    "minResTime" : 7.0,
    "maxResTime" : 157.0,
    "pct1ResTime" : 54.39999999999999,
    "pct2ResTime" : 60.84999999999999,
    "pct3ResTime" : 157.0,
    "throughput" : 0.11503905575943033,
    "receivedKBytesPerSec" : 0.13627465880135053,
    "sentKBytesPerSec" : 0.06416460614941272
  },
  "mlocf - 2.1 - /home-2" : {
    "transaction" : "mlocf - 2.1 - /home-2",
    "sampleCount" : 40,
    "errorCount" : 0,
    "errorPct" : 0.0,
    "meanResTime" : 35.875000000000014,
    "minResTime" : 7.0,
    "maxResTime" : 148.0,
    "pct1ResTime" : 53.9,
    "pct2ResTime" : 73.59999999999997,
    "pct3ResTime" : 148.0,
    "throughput" : 0.11502979271631353,
    "receivedKBytesPerSec" : 0.10878965112901742,
    "sentKBytesPerSec" : 0.06467898330198772
  },
  "mlocf - 2.1 - /home-1" : {
    "transaction" : "mlocf - 2.1 - /home-1",
    "sampleCount" : 40,
    "errorCount" : 0,
    "errorPct" : 0.0,
    "meanResTime" : 30.3,
    "minResTime" : 8.0,
    "maxResTime" : 54.0,
    "pct1ResTime" : 46.9,
    "pct2ResTime" : 50.89999999999999,
    "pct3ResTime" : 54.0,
    "throughput" : 0.11503012351359512,
    "receivedKBytesPerSec" : 0.2223344689562454,
    "sentKBytesPerSec" : 0.06355021154758653
  },
  "mlocf - 2.1 - /home-0" : {
    "transaction" : "mlocf - 2.1 - /home-0",
    "sampleCount" : 40,
    "errorCount" : 0,
    "errorPct" : 0.0,
    "meanResTime" : 1128.7749999999999,
    "minResTime" : 309.0,
    "maxResTime" : 3532.0,
    "pct1ResTime" : 2003.9999999999998,
    "pct2ResTime" : 3065.949999999999,
    "pct3ResTime" : 3532.0,
    "throughput" : 0.1148240751638396,
    "receivedKBytesPerSec" : 2.5731217427639304,
    "sentKBytesPerSec" : 0.045175536407843636
  },
  "mlocf - 3.1 Tela Lotes-6" : {
    "transaction" : "mlocf - 3.1 Tela Lotes-6",
    "sampleCount" : 40,
    "errorCount" : 0,
    "errorPct" : 0.0,
    "meanResTime" : 20.625,
    "minResTime" : 7.0,
    "maxResTime" : 38.0,
    "pct1ResTime" : 34.599999999999994,
    "pct2ResTime" : 36.949999999999996,
    "pct3ResTime" : 38.0,
    "throughput" : 0.11528806163299775,
    "receivedKBytesPerSec" : 0.047849049017601605,
    "sentKBytesPerSec" : 0.09417255776652439
  },
  "mlocf - 3.1 Tela Lotes-7" : {
    "transaction" : "mlocf - 3.1 Tela Lotes-7",
    "sampleCount" : 40,
    "errorCount" : 0,
    "errorPct" : 0.0,
    "meanResTime" : 13.549999999999999,
    "minResTime" : 6.0,
    "maxResTime" : 40.0,
    "pct1ResTime" : 31.799999999999997,
    "pct2ResTime" : 38.699999999999974,
    "pct3ResTime" : 40.0,
    "throughput" : 0.1152993603767983,
    "receivedKBytesPerSec" : 0.04785373843763602,
    "sentKBytesPerSec" : 0.09489959317341312
  },
  "mlocf - 3.1 Tela Lotes-8" : {
    "transaction" : "mlocf - 3.1 Tela Lotes-8",
    "sampleCount" : 40,
    "errorCount" : 0,
    "errorPct" : 0.0,
    "meanResTime" : 14.275000000000002,
    "minResTime" : 6.0,
    "maxResTime" : 40.0,
    "pct1ResTime" : 30.799999999999997,
    "pct2ResTime" : 38.64999999999997,
    "pct3ResTime" : 40.0,
    "throughput" : 0.11530035743110804,
    "receivedKBytesPerSec" : 0.047854152254121984,
    "sentKBytesPerSec" : 0.09557881680214458
  },
  "mlocf - 3.1 Tela Lotes-9" : {
    "transaction" : "mlocf - 3.1 Tela Lotes-9",
    "sampleCount" : 40,
    "errorCount" : 0,
    "errorPct" : 0.0,
    "meanResTime" : 16.8,
    "minResTime" : 6.0,
    "maxResTime" : 44.0,
    "pct1ResTime" : 32.8,
    "pct2ResTime" : 39.0,
    "pct3ResTime" : 44.0,
    "throughput" : 0.11529371072807978,
    "receivedKBytesPerSec" : 0.04785139361272842,
    "sentKBytesPerSec" : 0.09569997243759729
  },
  "mlocf - 3.1 Tela Lotes-2" : {
    "transaction" : "mlocf - 3.1 Tela Lotes-2",
    "sampleCount" : 40,
    "errorCount" : 0,
    "errorPct" : 0.0,
    "meanResTime" : 19.325,
    "minResTime" : 6.0,
    "maxResTime" : 43.0,
    "pct1ResTime" : 35.29999999999999,
    "pct2ResTime" : 37.0,
    "pct3ResTime" : 43.0,
    "throughput" : 0.1152933784130443,
    "receivedKBytesPerSec" : 0.047851255689007645,
    "sentKBytesPerSec" : 0.09544918120083819
  },
  "mlocf - 3.1 Tela Lotes-3" : {
    "transaction" : "mlocf - 3.1 Tela Lotes-3",
    "sampleCount" : 40,
    "errorCount" : 0,
    "errorPct" : 0.0,
    "meanResTime" : 18.824999999999996,
    "minResTime" : 8.0,
    "maxResTime" : 43.0,
    "pct1ResTime" : 32.9,
    "pct2ResTime" : 40.89999999999999,
    "pct3ResTime" : 43.0,
    "throughput" : 0.11529537233199302,
    "receivedKBytesPerSec" : 0.047852083243258826,
    "sentKBytesPerSec" : 0.09493008866934728
  },
  "mlocf - 3.1 Tela Lotes-4" : {
    "transaction" : "mlocf - 3.1 Tela Lotes-4",
    "sampleCount" : 40,
    "errorCount" : 0,
    "errorPct" : 0.0,
    "meanResTime" : 19.624999999999996,
    "minResTime" : 7.0,
    "maxResTime" : 37.0,
    "pct1ResTime" : 34.9,
    "pct2ResTime" : 36.0,
    "pct3ResTime" : 37.0,
    "throughput" : 0.11529404304503096,
    "receivedKBytesPerSec" : 0.04785153153724429,
    "sentKBytesPerSec" : 0.09513447428798721
  },
  "mlocf - 2.1 - /home-9" : {
    "transaction" : "mlocf - 2.1 - /home-9",
    "sampleCount" : 40,
    "errorCount" : 0,
    "errorPct" : 0.0,
    "meanResTime" : 33.724999999999994,
    "minResTime" : 6.0,
    "maxResTime" : 86.0,
    "pct1ResTime" : 40.0,
    "pct2ResTime" : 43.84999999999999,
    "pct3ResTime" : 86.0,
    "throughput" : 0.11506155793349443,
    "receivedKBytesPerSec" : 0.35508120379559316,
    "sentKBytesPerSec" : 0.06527271387067081
  },
  "mlocf - 3.1 Tela Lotes-5" : {
    "transaction" : "mlocf - 3.1 Tela Lotes-5",
    "sampleCount" : 40,
    "errorCount" : 0,
    "errorPct" : 0.0,
    "meanResTime" : 17.85,
    "minResTime" : 7.0,
    "maxResTime" : 41.0,
    "pct1ResTime" : 29.0,
    "pct2ResTime" : 33.84999999999999,
    "pct3ResTime" : 41.0,
    "throughput" : 0.11529404304503096,
    "receivedKBytesPerSec" : 0.04785153153724429,
    "sentKBytesPerSec" : 0.09612809726637823
  },
  "mlocf - 2.1 - /home-8" : {
    "transaction" : "mlocf - 2.1 - /home-8",
    "sampleCount" : 40,
    "errorCount" : 0,
    "errorPct" : 0.0,
    "meanResTime" : 36.774999999999984,
    "minResTime" : 27.0,
    "maxResTime" : 92.0,
    "pct1ResTime" : 46.0,
    "pct2ResTime" : 66.9499999999999,
    "pct3ResTime" : 92.0,
    "throughput" : 0.11506122695539364,
    "receivedKBytesPerSec" : 1.2342900973993285,
    "sentKBytesPerSec" : 0.06481744996994025
  },
  "cadu - 4.2 - CADU - Logout-0" : {
    "transaction" : "cadu - 4.2 - CADU - Logout-0",
    "sampleCount" : 1,
    "errorCount" : 0,
    "errorPct" : 0.0,
    "meanResTime" : 103.0,
    "minResTime" : 103.0,
    "maxResTime" : 103.0,
    "pct1ResTime" : 103.0,
    "pct2ResTime" : 103.0,
    "pct3ResTime" : 103.0,
    "throughput" : 9.70873786407767,
    "receivedKBytesPerSec" : 5.356871966019418,
    "sentKBytesPerSec" : 0.0
  },
  "mlocf - 2.1 - /home-7" : {
    "transaction" : "mlocf - 2.1 - /home-7",
    "sampleCount" : 40,
    "errorCount" : 0,
    "errorPct" : 0.0,
    "meanResTime" : 37.24999999999999,
    "minResTime" : 29.0,
    "maxResTime" : 63.0,
    "pct1ResTime" : 48.0,
    "pct2ResTime" : 55.699999999999974,
    "pct3ResTime" : 63.0,
    "throughput" : 0.11504600402085784,
    "receivedKBytesPerSec" : 0.1541970355161395,
    "sentKBytesPerSec" : 0.06413477675322919
  },
  "cadu - 4.2 - CADU - Logout-1" : {
    "transaction" : "cadu - 4.2 - CADU - Logout-1",
    "sampleCount" : 1,
    "errorCount" : 0,
    "errorPct" : 0.0,
    "meanResTime" : 92.0,
    "minResTime" : 92.0,
    "maxResTime" : 92.0,
    "pct1ResTime" : 92.0,
    "pct2ResTime" : 92.0,
    "pct3ResTime" : 92.0,
    "throughput" : 10.869565217391305,
    "receivedKBytesPerSec" : 204.2395550271739,
    "sentKBytesPerSec" : 0.0
  },
  "mlocf - 2.1 - /home-6" : {
    "transaction" : "mlocf - 2.1 - /home-6",
    "sampleCount" : 40,
    "errorCount" : 0,
    "errorPct" : 0.0,
    "meanResTime" : 41.449999999999996,
    "minResTime" : 8.0,
    "maxResTime" : 163.0,
    "pct1ResTime" : 50.599999999999994,
    "pct2ResTime" : 61.599999999999966,
    "pct3ResTime" : 163.0,
    "throughput" : 0.1150304543127793,
    "receivedKBytesPerSec" : 0.7993661732099824,
    "sentKBytesPerSec" : 0.0634071679070784
  },
  "mlocf - 3.1 Tela Lotes-0" : {
    "transaction" : "mlocf - 3.1 Tela Lotes-0",
    "sampleCount" : 40,
    "errorCount" : 0,
    "errorPct" : 0.0,
    "meanResTime" : 274.925,
    "minResTime" : 84.0,
    "maxResTime" : 2787.0,
    "pct1ResTime" : 401.2,
    "pct2ResTime" : 684.1999999999992,
    "pct3ResTime" : 2787.0,
    "throughput" : 0.11522927745481572,
    "receivedKBytesPerSec" : 4.93741137248152,
    "sentKBytesPerSec" : 0.07730714219868984
  },
  "mlocf - 2.1 - /home-5" : {
    "transaction" : "mlocf - 2.1 - /home-5",
    "sampleCount" : 40,
    "errorCount" : 0,
    "errorPct" : 0.0,
    "meanResTime" : 40.85,
    "minResTime" : 12.0,
    "maxResTime" : 118.0,
    "pct1ResTime" : 53.39999999999999,
    "pct2ResTime" : 57.89999999999999,
    "pct3ResTime" : 118.0,
    "throughput" : 0.11503210833723963,
    "receivedKBytesPerSec" : 0.2926775188077497,
    "sentKBytesPerSec" : 0.0653571099908262
  },
  "mlocf - 3.1 Tela Lotes-1" : {
    "transaction" : "mlocf - 3.1 Tela Lotes-1",
    "sampleCount" : 40,
    "errorCount" : 0,
    "errorPct" : 0.0,
    "meanResTime" : 20.174999999999997,
    "minResTime" : 8.0,
    "maxResTime" : 60.0,
    "pct1ResTime" : 32.0,
    "pct2ResTime" : 40.79999999999998,
    "pct3ResTime" : 60.0,
    "throughput" : 0.11529304609992448,
    "receivedKBytesPerSec" : 0.22284265543664358,
    "sentKBytesPerSec" : 0.09398241006421823
  },
  "mlocf - 3.1 Tela Lotes-10" : {
    "transaction" : "mlocf - 3.1 Tela Lotes-10",
    "sampleCount" : 40,
    "errorCount" : 0,
    "errorPct" : 0.0,
    "meanResTime" : 12.924999999999997,
    "minResTime" : 6.0,
    "maxResTime" : 34.0,
    "pct1ResTime" : 28.799999999999983,
    "pct2ResTime" : 31.949999999999996,
    "pct3ResTime" : 34.0,
    "throughput" : 0.1152933784130443,
    "receivedKBytesPerSec" : 0.05578049023465085,
    "sentKBytesPerSec" : 0.09569969659826888
  },
  "mlocf - 3.1 Tela Lotes-11" : {
    "transaction" : "mlocf - 3.1 Tela Lotes-11",
    "sampleCount" : 40,
    "errorCount" : 0,
    "errorPct" : 0.0,
    "meanResTime" : 18.675,
    "minResTime" : 6.0,
    "maxResTime" : 54.0,
    "pct1ResTime" : 34.599999999999994,
    "pct2ResTime" : 47.49999999999996,
    "pct3ResTime" : 54.0,
    "throughput" : 0.11529969272631889,
    "receivedKBytesPerSec" : 0.054854616996039454,
    "sentKBytesPerSec" : 0.09571338261914782
  },
  "mlocf - 3.1 Tela Lotes-12" : {
    "transaction" : "mlocf - 3.1 Tela Lotes-12",
    "sampleCount" : 40,
    "errorCount" : 0,
    "errorPct" : 0.0,
    "meanResTime" : 16.099999999999998,
    "minResTime" : 6.0,
    "maxResTime" : 51.0,
    "pct1ResTime" : 31.0,
    "pct2ResTime" : 35.79999999999998,
    "pct3ResTime" : 51.0,
    "throughput" : 0.1152993603767983,
    "receivedKBytesPerSec" : 0.1446224423359074,
    "sentKBytesPerSec" : 0.09241682862623694
  },
  "mlocf - 3.6 Tela Lotes" : {
    "transaction" : "mlocf - 3.6 Tela Lotes",
    "sampleCount" : 40,
    "errorCount" : 0,
    "errorPct" : 0.0,
    "meanResTime" : 432.65000000000003,
    "minResTime" : 169.0,
    "maxResTime" : 3674.0,
    "pct1ResTime" : 602.8,
    "pct2ResTime" : 835.9499999999991,
    "pct3ResTime" : 3674.0,
    "throughput" : 0.11540647603440267,
    "receivedKBytesPerSec" : 5.615429489708627,
    "sentKBytesPerSec" : 1.4061783217590256
  },
  "cadu - 1.5 - /gerarToken/MLOC-0" : {
    "transaction" : "cadu - 1.5 - /gerarToken/MLOC-0",
    "sampleCount" : 1,
    "errorCount" : 0,
    "errorPct" : 0.0,
    "meanResTime" : 767.0,
    "minResTime" : 767.0,
    "maxResTime" : 767.0,
    "pct1ResTime" : 767.0,
    "pct2ResTime" : 767.0,
    "pct3ResTime" : 767.0,
    "throughput" : 1.303780964797914,
    "receivedKBytesPerSec" : 0.7664806062581486,
    "sentKBytesPerSec" : 0.47363917861799215
  },
  "mlocf - 3.3 Enviar Arquivo" : {
    "transaction" : "mlocf - 3.3 Enviar Arquivo",
    "sampleCount" : 40,
    "errorCount" : 0,
    "errorPct" : 0.0,
    "meanResTime" : 467.65000000000003,
    "minResTime" : 109.0,
    "maxResTime" : 2254.0,
    "pct1ResTime" : 885.1999999999998,
    "pct2ResTime" : 1320.4999999999982,
    "pct3ResTime" : 2254.0,
    "throughput" : 0.11525650334820142,
    "receivedKBytesPerSec" : 0.3292238987241105,
    "sentKBytesPerSec" : 0.4011691691734956
  },
  "cadu - 1.5 - /gerarToken/MLOC-1" : {
    "transaction" : "cadu - 1.5 - /gerarToken/MLOC-1",
    "sampleCount" : 1,
    "errorCount" : 0,
    "errorPct" : 0.0,
    "meanResTime" : 4238.0,
    "minResTime" : 4238.0,
    "maxResTime" : 4238.0,
    "pct1ResTime" : 4238.0,
    "pct2ResTime" : 4238.0,
    "pct3ResTime" : 4238.0,
    "throughput" : 0.23596035865974518,
    "receivedKBytesPerSec" : 0.1253539405379896,
    "sentKBytesPerSec" : 0.06405955049551675
  },
  "cadu - 1.5 - /gerarToken/MLOC-2" : {
    "transaction" : "cadu - 1.5 - /gerarToken/MLOC-2",
    "sampleCount" : 1,
    "errorCount" : 0,
    "errorPct" : 0.0,
    "meanResTime" : 1617.0,
    "minResTime" : 1617.0,
    "maxResTime" : 1617.0,
    "pct1ResTime" : 1617.0,
    "pct2ResTime" : 1617.0,
    "pct3ResTime" : 1617.0,
    "throughput" : 0.6184291898577613,
    "receivedKBytesPerSec" : 13.558939200680273,
    "sentKBytesPerSec" : 0.1992984693877551
  },
  "cadu - 4.2 - CADU - Logout" : {
    "transaction" : "cadu - 4.2 - CADU - Logout",
    "sampleCount" : 1,
    "errorCount" : 0,
    "errorPct" : 0.0,
    "meanResTime" : 195.0,
    "minResTime" : 195.0,
    "maxResTime" : 195.0,
    "pct1ResTime" : 195.0,
    "pct2ResTime" : 195.0,
    "pct3ResTime" : 195.0,
    "throughput" : 5.128205128205129,
    "receivedKBytesPerSec" : 99.18870192307692,
    "sentKBytesPerSec" : 0.0
  },
  "cadu - 1.4 - /produtos" : {
    "transaction" : "cadu - 1.4 - /produtos",
    "sampleCount" : 1,
    "errorCount" : 0,
    "errorPct" : 0.0,
    "meanResTime" : 351.0,
    "minResTime" : 351.0,
    "maxResTime" : 351.0,
    "pct1ResTime" : 351.0,
    "pct2ResTime" : 351.0,
    "pct3ResTime" : 351.0,
    "throughput" : 2.849002849002849,
    "receivedKBytesPerSec" : 17.6727207977208,
    "sentKBytesPerSec" : 1.2297453703703705
  },
  "cadu - 1.5 - /gerarToken/MLOC" : {
    "transaction" : "cadu - 1.5 - /gerarToken/MLOC",
    "sampleCount" : 1,
    "errorCount" : 0,
    "errorPct" : 0.0,
    "meanResTime" : 6624.0,
    "minResTime" : 6624.0,
    "maxResTime" : 6624.0,
    "pct1ResTime" : 6624.0,
    "pct2ResTime" : 6624.0,
    "pct3ResTime" : 6624.0,
    "throughput" : 0.15096618357487923,
    "receivedKBytesPerSec" : 3.4788564783363527,
    "sentKBytesPerSec" : 0.14447935537439613
  },
  "mlocf - 3.7 Tela Detalhes Lote" : {
    "transaction" : "mlocf - 3.7 Tela Detalhes Lote",
    "sampleCount" : 40,
    "errorCount" : 0,
    "errorPct" : 0.0,
    "meanResTime" : 316.925,
    "minResTime" : 79.0,
    "maxResTime" : 2290.0,
    "pct1ResTime" : 525.1999999999999,
    "pct2ResTime" : 976.1499999999982,
    "pct3ResTime" : 2290.0,
    "throughput" : 0.11545011112073195,
    "receivedKBytesPerSec" : 2.3167815756053916,
    "sentKBytesPerSec" : 0.12005007648569861
  },
  "mlocf - 3.1 Tela Lotes" : {
    "transaction" : "mlocf - 3.1 Tela Lotes",
    "sampleCount" : 40,
    "errorCount" : 0,
    "errorPct" : 0.0,
    "meanResTime" : 329.04999999999995,
    "minResTime" : 111.0,
    "maxResTime" : 2871.0,
    "pct1ResTime" : 472.29999999999995,
    "pct2ResTime" : 731.7999999999993,
    "pct3ResTime" : 2871.0,
    "throughput" : 0.11521367816787209,
    "receivedKBytesPerSec" : 5.893880033937629,
    "sentKBytesPerSec" : 1.4048192801449388
  },
  "mlocf - 4.1 - CETIP | Locadora - Logout" : {
    "transaction" : "mlocf - 4.1 - CETIP | Locadora - Logout",
    "sampleCount" : 1,
    "errorCount" : 0,
    "errorPct" : 0.0,
    "meanResTime" : 143.0,
    "minResTime" : 143.0,
    "maxResTime" : 143.0,
    "pct1ResTime" : 143.0,
    "pct2ResTime" : 143.0,
    "pct3ResTime" : 143.0,
    "throughput" : 6.993006993006993,
    "receivedKBytesPerSec" : 157.069493006993,
    "sentKBytesPerSec" : 0.0
  },
  "mlocf - 3.6 Tela Lotes-4" : {
    "transaction" : "mlocf - 3.6 Tela Lotes-4",
    "sampleCount" : 40,
    "errorCount" : 0,
    "errorPct" : 0.0,
    "meanResTime" : 39.975000000000016,
    "minResTime" : 8.0,
    "maxResTime" : 70.0,
    "pct1ResTime" : 48.0,
    "pct2ResTime" : 49.949999999999996,
    "pct3ResTime" : 70.0,
    "throughput" : 0.11546110836890978,
    "receivedKBytesPerSec" : 0.04792087017264322,
    "sentKBytesPerSec" : 0.09527796540207888
  },
  "mlocf - 3.6 Tela Lotes-3" : {
    "transaction" : "mlocf - 3.6 Tela Lotes-3",
    "sampleCount" : 40,
    "errorCount" : 0,
    "errorPct" : 0.0,
    "meanResTime" : 35.37499999999999,
    "minResTime" : 7.0,
    "maxResTime" : 69.0,
    "pct1ResTime" : 46.9,
    "pct2ResTime" : 47.949999999999996,
    "pct3ResTime" : 69.0,
    "throughput" : 0.11547244105853587,
    "receivedKBytesPerSec" : 0.047925573681521234,
    "sentKBytesPerSec" : 0.09506178497299388
  },
  "mlocf - 3.6 Tela Lotes-6" : {
    "transaction" : "mlocf - 3.6 Tela Lotes-6",
    "sampleCount" : 40,
    "errorCount" : 0,
    "errorPct" : 0.0,
    "meanResTime" : 40.39999999999999,
    "minResTime" : 29.0,
    "maxResTime" : 72.0,
    "pct1ResTime" : 47.699999999999996,
    "pct2ResTime" : 51.89999999999999,
    "pct3ResTime" : 72.0,
    "throughput" : 0.11546044180938057,
    "receivedKBytesPerSec" : 0.04792059352440112,
    "sentKBytesPerSec" : 0.09426262632093961
  },
  "mlocf - 3.6 Tela Lotes-5" : {
    "transaction" : "mlocf - 3.6 Tela Lotes-5",
    "sampleCount" : 40,
    "errorCount" : 0,
    "errorPct" : 0.0,
    "meanResTime" : 40.82500000000001,
    "minResTime" : 28.0,
    "maxResTime" : 65.0,
    "pct1ResTime" : 50.599999999999994,
    "pct2ResTime" : 59.54999999999996,
    "pct3ResTime" : 65.0,
    "throughput" : 0.11545977525754746,
    "receivedKBytesPerSec" : 0.0479203168793532,
    "sentKBytesPerSec" : 0.0962916485058062
  },
  "mlocf - 3.6 Tela Lotes-8" : {
    "transaction" : "mlocf - 3.6 Tela Lotes-8",
    "sampleCount" : 40,
    "errorCount" : 0,
    "errorPct" : 0.0,
    "meanResTime" : 37.74999999999999,
    "minResTime" : 9.0,
    "maxResTime" : 63.0,
    "pct1ResTime" : 49.8,
    "pct2ResTime" : 55.74999999999998,
    "pct3ResTime" : 63.0,
    "throughput" : 0.11546677443565614,
    "receivedKBytesPerSec" : 0.04792322181167369,
    "sentKBytesPerSec" : 0.09573368310143755
  },
  "mlocf - 3.6 Tela Lotes-7" : {
    "transaction" : "mlocf - 3.6 Tela Lotes-7",
    "sampleCount" : 40,
    "errorCount" : 0,
    "errorPct" : 0.0,
    "meanResTime" : 35.8,
    "minResTime" : 29.0,
    "maxResTime" : 62.0,
    "pct1ResTime" : 42.0,
    "pct2ResTime" : 45.89999999999999,
    "pct3ResTime" : 62.0,
    "throughput" : 0.1154644412820017,
    "receivedKBytesPerSec" : 0.047922253461768274,
    "sentKBytesPerSec" : 0.09505519921946037
  },
  "mlocf - 3.6 Tela Lotes-9" : {
    "transaction" : "mlocf - 3.6 Tela Lotes-9",
    "sampleCount" : 40,
    "errorCount" : 0,
    "errorPct" : 0.0,
    "meanResTime" : 34.89999999999999,
    "minResTime" : 7.0,
    "maxResTime" : 52.0,
    "pct1ResTime" : 44.699999999999996,
    "pct2ResTime" : 49.89999999999999,
    "pct3ResTime" : 52.0,
    "throughput" : 0.11547110768546825,
    "receivedKBytesPerSec" : 0.04792502027961329,
    "sentKBytesPerSec" : 0.09585004055922658
  },
  "mlocf - 2.1 - /home-13" : {
    "transaction" : "mlocf - 2.1 - /home-13",
    "sampleCount" : 40,
    "errorCount" : 0,
    "errorPct" : 0.0,
    "meanResTime" : 19.725,
    "minResTime" : 7.0,
    "maxResTime" : 42.0,
    "pct1ResTime" : 33.9,
    "pct2ResTime" : 34.0,
    "pct3ResTime" : 42.0,
    "throughput" : 0.11509996431901107,
    "receivedKBytesPerSec" : 0.04953569753455876,
    "sentKBytesPerSec" : 0.06227087913352747
  },
  "mlocf - 2.1 - /home-12" : {
    "transaction" : "mlocf - 2.1 - /home-12",
    "sampleCount" : 40,
    "errorCount" : 0,
    "errorPct" : 0.0,
    "meanResTime" : 30.149999999999988,
    "minResTime" : 8.0,
    "maxResTime" : 54.0,
    "pct1ResTime" : 39.8,
    "pct2ResTime" : 46.74999999999998,
    "pct3ResTime" : 54.0,
    "throughput" : 0.11508804235239958,
    "receivedKBytesPerSec" : 1.1874101998575786,
    "sentKBytesPerSec" : 0.06199750133070549
  },
  "mlocf - 2.1 - /home-11" : {
    "transaction" : "mlocf - 2.1 - /home-11",
    "sampleCount" : 40,
    "errorCount" : 0,
    "errorPct" : 0.0,
    "meanResTime" : 29.975,
    "minResTime" : 7.0,
    "maxResTime" : 52.0,
    "pct1ResTime" : 37.0,
    "pct2ResTime" : 43.949999999999996,
    "pct3ResTime" : 52.0,
    "throughput" : 0.11508704896666216,
    "receivedKBytesPerSec" : 0.21581631423655567,
    "sentKBytesPerSec" : 0.06473084555893464
  },
  "mlocf - 2.1 - /home-10" : {
    "transaction" : "mlocf - 2.1 - /home-10",
    "sampleCount" : 40,
    "errorCount" : 0,
    "errorPct" : 0.0,
    "meanResTime" : 32.24999999999999,
    "minResTime" : 8.0,
    "maxResTime" : 61.0,
    "pct1ResTime" : 42.8,
    "pct2ResTime" : 45.84999999999999,
    "pct3ResTime" : 61.0,
    "throughput" : 0.11507579179336991,
    "receivedKBytesPerSec" : 0.16151348130881452,
    "sentKBytesPerSec" : 0.06441828198315866
  },
  "cadu - 1.1 - /login" : {
    "transaction" : "cadu - 1.1 - /login",
    "sampleCount" : 1,
    "errorCount" : 0,
    "errorPct" : 0.0,
    "meanResTime" : 1379.0,
    "minResTime" : 1379.0,
    "maxResTime" : 1379.0,
    "pct1ResTime" : 1379.0,
    "pct2ResTime" : 1379.0,
    "pct3ResTime" : 1379.0,
    "throughput" : 0.7251631617113851,
    "receivedKBytesPerSec" : 13.769602066715011,
    "sentKBytesPerSec" : 0.2698116841914431
  },
  "cadu - 1.2 - /login/autenticar" : {
    "transaction" : "cadu - 1.2 - /login/autenticar",
    "sampleCount" : 1,
    "errorCount" : 0,
    "errorPct" : 0.0,
    "meanResTime" : 944.0,
    "minResTime" : 944.0,
    "maxResTime" : 944.0,
    "pct1ResTime" : 944.0,
    "pct2ResTime" : 944.0,
    "pct3ResTime" : 944.0,
    "throughput" : 1.0593220338983051,
    "receivedKBytesPerSec" : 7.5838767876059325,
    "sentKBytesPerSec" : 1.3313940015889831
  },
  "mlocf - 3.6 Tela Lotes-0" : {
    "transaction" : "mlocf - 3.6 Tela Lotes-0",
    "sampleCount" : 40,
    "errorCount" : 0,
    "errorPct" : 0.0,
    "meanResTime" : 345.32500000000005,
    "minResTime" : 93.0,
    "maxResTime" : 3570.0,
    "pct1ResTime" : 513.9,
    "pct2ResTime" : 719.2499999999993,
    "pct3ResTime" : 3570.0,
    "throughput" : 0.11543178702835293,
    "receivedKBytesPerSec" : 4.945939258531131,
    "sentKBytesPerSec" : 0.07744300555515475
  },
  "mlocf - 3.6 Tela Lotes-2" : {
    "transaction" : "mlocf - 3.6 Tela Lotes-2",
    "sampleCount" : 40,
    "errorCount" : 0,
    "errorPct" : 0.0,
    "meanResTime" : 28.775000000000002,
    "minResTime" : 8.0,
    "maxResTime" : 55.0,
    "pct1ResTime" : 44.9,
    "pct2ResTime" : 47.949999999999996,
    "pct3ResTime" : 55.0,
    "throughput" : 0.11546477458389381,
    "receivedKBytesPerSec" : 0.04792239179507312,
    "sentKBytesPerSec" : 0.09561926645228708
  },
  "mlocf - 3.6 Tela Lotes-1" : {
    "transaction" : "mlocf - 3.6 Tela Lotes-1",
    "sampleCount" : 40,
    "errorCount" : 0,
    "errorPct" : 0.0,
    "meanResTime" : 33.39999999999999,
    "minResTime" : 7.0,
    "maxResTime" : 68.0,
    "pct1ResTime" : 48.8,
    "pct2ResTime" : 61.64999999999997,
    "pct3ResTime" : 68.0,
    "throughput" : 0.1154594419845169,
    "receivedKBytesPerSec" : 0.04792017855802703,
    "sentKBytesPerSec" : 0.094487316780298
  },
  "mlocf - 3.1 Tela Lotes-13" : {
    "transaction" : "mlocf - 3.1 Tela Lotes-13",
    "sampleCount" : 40,
    "errorCount" : 0,
    "errorPct" : 0.0,
    "meanResTime" : 15.849999999999996,
    "minResTime" : 7.0,
    "maxResTime" : 69.0,
    "pct1ResTime" : 28.799999999999997,
    "pct2ResTime" : 32.84999999999999,
    "pct3ResTime" : 69.0,
    "throughput" : 0.11530201922661171,
    "receivedKBytesPerSec" : 0.04785484196416989,
    "sentKBytesPerSec" : 0.09299884788060475
  },
  "mlocf - 3.1 Tela Lotes-14" : {
    "transaction" : "mlocf - 3.1 Tela Lotes-14",
    "sampleCount" : 40,
    "errorCount" : 0,
    "errorPct" : 0.0,
    "meanResTime" : 13.225,
    "minResTime" : 7.0,
    "maxResTime" : 56.0,
    "pct1ResTime" : 27.599999999999994,
    "pct2ResTime" : 33.79999999999998,
    "pct3ResTime" : 56.0,
    "throughput" : 0.1153056753453405,
    "receivedKBytesPerSec" : 0.047856359396259485,
    "sentKBytesPerSec" : 0.09333960638245739
  },
  "mlocf - 3.1 Tela Lotes-15" : {
    "transaction" : "mlocf - 3.1 Tela Lotes-15",
    "sampleCount" : 1,
    "errorCount" : 0,
    "errorPct" : 0.0,
    "meanResTime" : 17.0,
    "minResTime" : 17.0,
    "maxResTime" : 17.0,
    "pct1ResTime" : 17.0,
    "pct2ResTime" : 17.0,
    "pct3ResTime" : 17.0,
    "throughput" : 58.8235294117647,
    "receivedKBytesPerSec" : 24.4140625,
    "sentKBytesPerSec" : 47.62178308823529
  },
  "mlocf - 2.1 - /home" : {
    "transaction" : "mlocf - 2.1 - /home",
    "sampleCount" : 40,
    "errorCount" : 0,
    "errorPct" : 0.0,
    "meanResTime" : 1221.0250000000003,
    "minResTime" : 383.0,
    "maxResTime" : 3628.0,
    "pct1ResTime" : 2119.4999999999995,
    "pct2ResTime" : 3170.6499999999987,
    "pct3ResTime" : 3628.0,
    "throughput" : 0.1147996888928431,
    "receivedKBytesPerSec" : 7.8758248088585185,
    "sentKBytesPerSec" : 0.940166290039979
  },
  "mlocf - 3.6 Tela Lotes-11" : {
    "transaction" : "mlocf - 3.6 Tela Lotes-11",
    "sampleCount" : 40,
    "errorCount" : 0,
    "errorPct" : 0.0,
    "meanResTime" : 31.4,
    "minResTime" : 6.0,
    "maxResTime" : 57.0,
    "pct1ResTime" : 49.19999999999999,
    "pct2ResTime" : 53.79999999999998,
    "pct3ResTime" : 57.0,
    "throughput" : 0.11546310809367522,
    "receivedKBytesPerSec" : 0.04792170013653513,
    "sentKBytesPerSec" : 0.09618167109756344
  },
  "mlocf - 3.6 Tela Lotes-10" : {
    "transaction" : "mlocf - 3.6 Tela Lotes-10",
    "sampleCount" : 40,
    "errorCount" : 0,
    "errorPct" : 0.0,
    "meanResTime" : 33.199999999999996,
    "minResTime" : 8.0,
    "maxResTime" : 50.0,
    "pct1ResTime" : 41.0,
    "pct2ResTime" : 44.79999999999998,
    "pct3ResTime" : 50.0,
    "throughput" : 0.11546277480140403,
    "receivedKBytesPerSec" : 0.04792156180722335,
    "sentKBytesPerSec" : 0.09618139346249768
  },
  "mlocf - 3.6 Tela Lotes-13" : {
    "transaction" : "mlocf - 3.6 Tela Lotes-13",
    "sampleCount" : 40,
    "errorCount" : 0,
    "errorPct" : 0.0,
    "meanResTime" : 22.900000000000002,
    "minResTime" : 7.0,
    "maxResTime" : 45.0,
    "pct1ResTime" : 40.9,
    "pct2ResTime" : 42.0,
    "pct3ResTime" : 45.0,
    "throughput" : 0.11546410798203378,
    "receivedKBytesPerSec" : 0.04792211512926207,
    "sentKBytesPerSec" : 0.09313804022769522
  },
  "mlocf - 3.6 Tela Lotes-12" : {
    "transaction" : "mlocf - 3.6 Tela Lotes-12",
    "sampleCount" : 40,
    "errorCount" : 0,
    "errorPct" : 0.0,
    "meanResTime" : 31.375000000000004,
    "minResTime" : 7.0,
    "maxResTime" : 44.0,
    "pct1ResTime" : 39.8,
    "pct2ResTime" : 40.0,
    "pct3ResTime" : 44.0,
    "throughput" : 0.11546410798203378,
    "receivedKBytesPerSec" : 0.04792211512926207,
    "sentKBytesPerSec" : 0.09279976647384161
  },
  "mlocf - 2.1 - /home-15" : {
    "transaction" : "mlocf - 2.1 - /home-15",
    "sampleCount" : 1,
    "errorCount" : 0,
    "errorPct" : 0.0,
    "meanResTime" : 9.0,
    "minResTime" : 9.0,
    "maxResTime" : 9.0,
    "pct1ResTime" : 9.0,
    "pct2ResTime" : 9.0,
    "pct3ResTime" : 9.0,
    "throughput" : 111.1111111111111,
    "receivedKBytesPerSec" : 739.9088541666667,
    "sentKBytesPerSec" : 47.96006944444445
  },
  "Total" : {
    "transaction" : "Total",
    "sampleCount" : 2058,
    "errorCount" : 0,
    "errorPct" : 0.0,
    "meanResTime" : 125.50971817298341,
    "minResTime" : 5.0,
    "maxResTime" : 6624.0,
    "pct1ResTime" : 245.10000000000014,
    "pct2ResTime" : 517.1499999999999,
    "pct3ResTime" : 1762.6400000000085,
    "throughput" : 5.452262238447721,
    "receivedKBytesPerSec" : 38.87098448701577,
    "sentKBytesPerSec" : 7.517876471521334
  },
  "mlocf - 2.1 - /home-14" : {
    "transaction" : "mlocf - 2.1 - /home-14",
    "sampleCount" : 40,
    "errorCount" : 0,
    "errorPct" : 0.0,
    "meanResTime" : 14.575,
    "minResTime" : 5.0,
    "maxResTime" : 36.0,
    "pct1ResTime" : 30.9,
    "pct2ResTime" : 31.949999999999996,
    "pct3ResTime" : 36.0,
    "throughput" : 0.11509400302697227,
    "receivedKBytesPerSec" : 0.06876698086130598,
    "sentKBytesPerSec" : 0.06260203353119911
  },
  "mlocf - 3.6 Tela Lotes-14" : {
    "transaction" : "mlocf - 3.6 Tela Lotes-14",
    "sampleCount" : 40,
    "errorCount" : 0,
    "errorPct" : 0.0,
    "meanResTime" : 14.175,
    "minResTime" : 7.0,
    "maxResTime" : 42.0,
    "pct1ResTime" : 30.0,
    "pct2ResTime" : 31.89999999999999,
    "pct3ResTime" : 42.0,
    "throughput" : 0.11547377446239741,
    "receivedKBytesPerSec" : 0.04792612709620986,
    "sentKBytesPerSec" : 0.0934841396770776
  },
  "mlocf - 3.2 Tela Upload" : {
    "transaction" : "mlocf - 3.2 Tela Upload",
    "sampleCount" : 40,
    "errorCount" : 0,
    "errorPct" : 0.0,
    "meanResTime" : 51.12499999999999,
    "minResTime" : 23.0,
    "maxResTime" : 147.0,
    "pct1ResTime" : 79.39999999999999,
    "pct2ResTime" : 85.94999999999999,
    "pct3ResTime" : 147.0,
    "throughput" : 0.11530068978637664,
    "receivedKBytesPerSec" : 0.3500682075643018,
    "sentKBytesPerSec" : 0.12734871108241405
  },
  "cadu - 1.3 - /duplaChecagem" : {
    "transaction" : "cadu - 1.3 - /duplaChecagem",
    "sampleCount" : 1,
    "errorCount" : 0,
    "errorPct" : 0.0,
    "meanResTime" : 5904.0,
    "minResTime" : 5904.0,
    "maxResTime" : 5904.0,
    "pct1ResTime" : 5904.0,
    "pct2ResTime" : 5904.0,
    "pct3ResTime" : 5904.0,
    "throughput" : 0.16937669376693767,
    "receivedKBytesPerSec" : 1.1446159383468835,
    "sentKBytesPerSec" : 0.17466971544715448
  },
  "cadu - 1.3 - /duplaChecagem-1" : {
    "transaction" : "cadu - 1.3 - /duplaChecagem-1",
    "sampleCount" : 1,
    "errorCount" : 0,
    "errorPct" : 0.0,
    "meanResTime" : 107.0,
    "minResTime" : 107.0,
    "maxResTime" : 107.0,
    "pct1ResTime" : 107.0,
    "pct2ResTime" : 107.0,
    "pct3ResTime" : 107.0,
    "throughput" : 9.345794392523365,
    "receivedKBytesPerSec" : 57.973130841121495,
    "sentKBytesPerSec" : 4.4812353971962615
  },
  "cadu - 1.3 - /duplaChecagem-0" : {
    "transaction" : "cadu - 1.3 - /duplaChecagem-0",
    "sampleCount" : 1,
    "errorCount" : 0,
    "errorPct" : 0.0,
    "meanResTime" : 5796.0,
    "minResTime" : 5796.0,
    "maxResTime" : 5796.0,
    "pct1ResTime" : 5796.0,
    "pct2ResTime" : 5796.0,
    "pct3ResTime" : 5796.0,
    "throughput" : 0.1725327812284334,
    "receivedKBytesPerSec" : 0.09570177708764664,
    "sentKBytesPerSec" : 0.09519630995514147
  }
}